1.0,0.9,0.96,0.98,0.985,0.99,0.995,0.999
1.0,5.941563111092394e+20,111907759.2934495,9624.133432866473,954.8856219934273,95.85651878827112,9.734672413659045,1.5749557103144263
1.0,5.3474067999831556e+20,107431448.92171153,9431.650764209142,940.5623376635259,94.8979536003884,9.68599905159075,1.5733807546041119
1.0,4.81266611998484e+20,103134190.96484306,9243.01774892496,926.453902598573,93.94897406438453,9.637569056332795,1.5718073738495077
1.0,4.331399507986356e+20,99008823.32624933,9058.15739394646,912.5570940595944,93.00948432374068,9.589381211051132,1.5702355664756582
1.0,3.89825955718772e+20,95048470.39319935,8876.99424606753,898.8687376487005,92.07938948050327,9.541434304995876,1.5686653309091825
1.0,3.508433601468949e+20,91246531.57747138,8699.45436114618,885.38570658397,91.15859558569824,9.493727133470896,1.5670966655782734
1.0,3.157590241322054e+20,87596670.31437252,8525.465273923257,872.1049209852105,90.24700962984126,9.446258497803543,1.5655295689126951
1.0,2.8418312171898484e+20,84092803.50179762,8354.95596844479,859.0233471704322,89.34453953354284,9.399027205314525,1.5639640393437824
1.0,2.5576480954708636e+20,80729091.36172572,8187.856849075895,846.1379969628757,88.45109413820741,9.352032069287953,1.5624000753044387
1.0,2.3018832859237774e+20,77499927.70725667,8024.0997120943775,833.4459270084326,87.56658319682533,9.305271908941512,1.5608376752291342
1.0,2.0716949573313996e+20,74399930.5989664,7863.6177178524895,820.9442381033061,86.69091736485709,9.258745549396805,1.559276837553905
1.0,1.8645254615982598e+20,71423933.37500775,7706.345363495439,808.6300745317565,85.82400819120852,9.21245182164982,1.5577175607163511
1.0,1.6780729154384337e+20,68566976.04000744,7552.218456225531,796.5006234137802,84.96576810929643,9.166389562541571,1.5561598431556347
1.0,1.5102656238945904e+20,65824296.99840714,7401.17408710102,784.5531140625734,84.11611042820346,9.120557614728863,1.5546036833124792
1.0,1.3592390615051315e+20,63191325.11847085,7253.150605358999,772.7848173516348,83.27494932392143,9.074954826655219,1.5530490796291667
1.0,1.2233151553546184e+20,60663672.11373202,7108.087593251819,761.1930450913603,82.44219983068221,9.029580052521943,1.5514960305495376
1.0,1.1009836398191565e+20,58237125.229182735,6965.925841386783,749.7751494149899,81.6177778323754,8.984432152259332,1.549944534518988
1.0,9.90885275837241e+19,55907640.22001542,6826.607324559047,738.528522173765,80.80160005405163,8.939509991498037,1.5483945899844689
1.0,8.91796748253517e+19,53671334.6112148,6690.075178067866,727.4505943411585,79.99358405351111,8.894812441540546,1.5468461953944845
1.0,8.026170734281653e+19,51524481.22676621,6556.2736745065085,716.5388354260411,79.193648212976,8.850338379332843,1.54529934919909
1.0,7.223553660853487e+19,49463501.977695554,6425.148201016378,705.7907528946505,78.40171173084624,8.80608668743618,1.543754049849891
1.0,6.501198294768139e+19,47484961.89858773,6296.645236996051,695.2038916012308,77.61769461353778,8.762056253998999,1.542210295800041
1.0,5.851078465291325e+19,45585563.42264422,6170.712332256129,684.7758332272123,76.8415176674024,8.718245972729003,1.540668085504241
1.0,5.2659706187621925e+19,43762140.885738455,6047.298085611007,674.5041957288041,76.07310249072837,8.674654742865359,1.5391274174187368
1.0,4.739373556885973e+19,42011655.25030891,5926.352123898786,664.386632792872,75.31237146582109,8.63128146915103,1.537588290001318
1.0,4.265436201197376e+19,40331189.040296555,5807.82508142081,654.420833300979,74.55924775116289,8.588125061805275,1.5360507017113167
1.0,3.838892581077638e+19,38717941.47868469,5691.668579792395,644.6045208014642,73.81365527365125,8.54518443649625,1.5345146510096053
1.0,3.455003322969875e+19,37169223.819537304,5577.835208196546,634.9354529894423,73.07551872091474,8.50245851431377,1.5329801363585958
1.0,3.1095029906728874e+19,35682454.866755806,5466.278504032615,625.4114211946006,72.34476353370559,8.4599462217422,1.5314471562222371
1.0,2.7985526916055986e+19,34255156.672085576,5356.952933951963,616.0302498766816,71.62131589836854,8.417646490633489,1.529915709066015
1.0,2.518697422445039e+19,32884950.40520215,5249.813875272924,606.7897961285314,70.90510273938484,8.375558258180321,1.528385793356949
1.0,2.266827680200535e+19,31569552.388994064,5144.817597767465,597.6879491866034,70.196051711991,8.333680466889419,1.526857407563592
1.0,2.0401449121804816e+19,30306770.2934343,5041.921245812116,588.7226299488043,69.49409119487109,8.292012064554973,1.5253305501560284
1.0,1.8361304209624334e+19,29094499.481696926,4941.082820895873,579.8917904995723,68.79915028292238,8.250552004232198,1.5238052196058722
1.0,1.6525173788661901e+19,27930719.50242905,4842.261164477955,571.1934136420787,68.11115878009315,8.209299244211037,1.5222814143862664
1.0,1.487265640979571e+19,26813490.722331885,4745.415941188397,562.6255124374475,67.43004719229222,8.168252747989982,1.5207591329718801
1.0,1.338539076881614e+19,25740951.09343861,4650.507622364628,554.1861297508858,66.7557467203693,8.12741148425003,1.5192383738389084
1.0,1.2046851691934527e+19,24711313.049701065,4557.497469917335,545.8733378046225,66.08818925316561,8.08677442682878,1.5177191354650694
1.0,1.0842166522741074e+19,23722860.52771302,4466.347520518989,537.6852377375532,65.42730736063395,8.046340554694638,1.5162014163296043
1.0,9.757949870466968e+18,22773946.106604498,4377.020570108609,529.6199591714898,64.77303428702761,8.006108851921164,1.5146852149132748
1.0,8.782154883420271e+18,21862988.26234032,4289.480158706437,521.6756597839175,64.12530394415734,7.966078307661558,1.5131705296983615
1.0,7.903939395078244e+18,20988468.731846705,4203.690555532308,513.8505248871587,63.48405090471576,7.92624791612325,1.511657359168663
1.0,7.11354545557042e+18,20148929.982572835,4119.616744421662,506.1427670138513,62.8492103956686,7.8866166765426335,1.5101457018094944
1.0,6.402190910013378e+18,19342972.783269923,4037.2244095332285,498.5506255086435,62.22071829171191,7.8471835931599205,1.508635556107685
1.0,5.761971819012041e+18,18569253.871939123,3956.479921342564,491.0723661260139,61.598511108794796,7.807947675194121,1.5071269205515772
1.0,5.185774637110836e+18,17826483.717061557,3877.3503229157127,483.7062806341237,60.982525997706844,7.768907936818151,1.5056197936310256
1.0,4.667197173399753e+18,17113424.368379094,3799.803316457398,476.4506864246118,60.37270073772977,7.730063397134059,1.5041141738373947
1.0,4.2004774560597775e+18,16428887.39364393,3723.80725012825,469.3039261282426,59.76897373035248,7.691413080148389,1.5026100596635572
1.0,3.7804297104538e+18,15771731.897898173,3649.331105125685,462.26436723631895,59.17128399304895,7.652956014747647,1.5011074496038936
1.0,3.40238673940842e+18,15140862.621982245,3576.3444830231715,455.3304017277742,58.579571153118465,7.614691234673909,1.4996063421542898
1.0,3.0621480654675784e+18,14535228.117102955,3504.8175933627076,448.5004457018576,57.993775441587275,7.576617778500539,1.4981067358121354
1.0,2.75593325892082e+18,13953818.992418837,3434.721241495454,441.7729390163297,57.4138376871714,7.538734689608036,1.4966086290763234
1.0,2.4803399330287386e+18,13395666.232722083,3366.0268166655446,435.14634493108474,56.839699310299686,7.501041016159997,1.495112020447247
1.0,2.2323059397258647e+18,12859839.583413199,3298.7062803322333,428.61914975711846,56.27130231719669,7.463535811079196,1.4936169084267998
1.0,2.0090753457532782e+18,12345446.00007667,3232.7321547255888,422.18986251076166,55.708589294024726,7.4262181320238,1.4921232915183729
1.0,1.8081678111779505e+18,11851628.160073603,3168.077511631077,415.85701457310023,55.151503401084476,7.389087041363681,1.4906311682268547
1.0,1.6273510300601554e+18,11377563.033670658,3104.7159613984554,409.6191593545037,54.59998836707363,7.352141606156863,1.4891405370586277
1.0,1.46461592705414e+18,10922460.512323832,3042.621642170486,403.4748719641862,54.0539884834029,7.315380898126079,1.4876513965215692
1.0,1.318154334348726e+18,10485562.091830878,2981.7692093270766,397.4227488847234,53.513448598568864,7.2788039936354485,1.4861637451250476
1.0,1.1863389009138534e+18,10066139.608157642,2922.133825140535,391.46140765145253,52.97831411258318,7.242409973667271,1.4846775813799225
1.0,1.0677050108224681e+18,9663494.023831336,2863.691148637724,385.58948653668074,52.448530971457345,7.206197923798935,1.4831929037985425
1.0,9.609345097402213e+17,9276954.262878083,2806.4173256649697,379.8056442386305,51.92404566174277,7.17016693417994,1.4817097108947441
1.0,8.648410587661992e+17,8905876.092362959,2750.28897915167,374.10855957505106,51.40480520512534,7.13431609950904,1.4802280011838493
1.0,7.783569528895793e+17,8549641.04866844,2695.2831995686365,368.4969311814253,50.89075715307409,7.098644519011494,1.4787477731826655
1.0,7.005212576006214e+17,8207655.406721703,2641.377535577264,362.9694772137039,50.38184958154335,7.063151296416438,1.4772690254094827
1.0,6.304691318405592e+17,7879349.190452835,2588.5499848657187,357.52493505549836,49.87803108572791,7.0278355399343555,1.4757917563840732
1.0,5.6742221865650336e+17,7564175.22283472,2536.7789851684042,352.16206102966584,49.379250774870634,6.992696362234684,1.474315964627689
1.0,5.1067999679085306e+17,7261608.213921332,2486.043405465036,346.87963011422084,48.885458267121926,6.95773288042351,1.4728416486630616
1.0,4.5961199711176774e+17,6971143.8853644775,2436.322537355735,341.6764356625076,48.3966036844507,6.922944216021392,1.4713688070143984
1.0,4.13650797400591e+17,6692298.129949898,2387.5960866086207,336.55128912756993,47.912637647606196,6.888329494941285,1.469897438207384
1.0,3.722857176605319e+17,6424606.204751902,2339.844164876448,331.50301979065637,47.433511271130136,6.853887847466579,1.4684275407691767
1.0,3.350571458944787e+17,6167621.956561826,2293.047281578919,326.53047449379653,46.959176158418835,6.819618408229246,1.4669591132284074
1.0,3.0155143130503085e+17,5920917.078299353,2247.1863359473405,321.63251737638956,46.489584396834644,6.7855203161881,1.465492154115179
1.0,2.7139628817452778e+17,5684080.395167379,2202.2426092283936,316.80802961574375,46.0246885528663,6.751592714607159,1.4640266619610638
1.0,2.44256659357075e+17,5456717.179360683,2158.1977570438257,312.05590917150755,45.56444166733763,6.717834751034124,1.4625626352991028
1.0,2.198309934213675e+17,5238448.492186256,2115.033801902949,307.37507053393495,45.10879725066426,6.684245577278952,1.4611000726638037
1.0,1.9784789407923075e+17,5028910.552498805,2072.73312586489,302.7644444759259,44.65770927815762,6.650824349392558,1.4596389725911398
1.0,1.7806310467130768e+17,4827754.130398853,2031.2784633475924,298.22297780878705,44.21113218537604,6.617570227645595,1.4581793336185487
1.0,1.6025679420417693e+17,4634643.965182899,1990.6528940806406,293.74963314165524,43.76902086352228,6.584482376507367,1.4567211542849303
1.0,1.4423111478375923e+17,4449258.206575583,1950.8398361990278,289.34338864453036,43.331330654887054,6.55155996462483,1.4552644331306452
1.0,1.2980800330538331e+17,4271287.878312559,1911.8230394750472,285.0032378148624,42.898017348338186,6.518802164801706,1.4538091686975148
1.0,1.1682720297484498e+17,4100436.363180056,1873.586578685546,280.7281892476395,42.469037174854805,6.486208153977698,1.4523553595288172
1.0,1.0514448267736048e+17,3936418.908652854,1836.1148471118352,276.5172664089249,42.04434680310625,6.453777113207809,1.4509030041692883
1.0,9.463003440962445e+16,3778962.1523067397,1799.3925501695985,272.369507412791,41.62390333507519,6.42150822764177,1.4494521011651191
1.0,8.5167030968662e+16,3627803.66621447,1763.4046991662065,268.28396480159915,41.20766430172444,6.389400686503561,1.448002649063954
1.0,7.66503278717958e+16,3482691.519565891,1728.1366051828822,264.2597053295751,40.79558765870719,6.357453683071043,1.44655464641489
1.0,6.898529508461622e+16,3343383.8587832553,1693.5738730792245,260.29580974963153,40.387631782120124,6.325666414655688,1.445108091768475
1.0,6.20867655761546e+16,3209648.504431925,1659.7023956176401,256.391372603387,39.98375546429892,6.29403808258241,1.4436629836767065
1.0,5.5878089018539144e+16,3081262.564254648,1626.5083477052872,252.54550201433622,39.58391790965593,6.262567892169497,1.4422193206930298
1.0,5.029028011668523e+16,2958012.061684462,1593.9781807511815,248.75731948412118,39.18807873055937,6.23125505270865,1.440777101372337
1.0,4.52612521050167e+16,2839691.5792170833,1562.0986171361578,245.02595969185936,38.79619794325378,6.200098777445106,1.4393363242709645
1.0,4.073512689451504e+16,2726103.9160483996,1530.8566447934347,241.35057029648146,38.40823596382124,6.169098283557881,1.4378969879466936
1.0,3.666161420506354e+16,2617059.7594064637,1500.239511897566,237.73031174203425,38.02415360418303,6.138252792140092,1.436459090958747
1.0,3.2995452784557184e+16,2512377.369030205,1470.2347216596145,234.16435706590374,37.6439120681412,6.107561528179391,1.4350226318677881
1.0,2.9695907506101464e+16,2411882.274268997,1440.8300272264223,230.65189170991516,37.26747294745978,6.077023720538494,1.4335876092359203
1.0,2.672631675549132e+16,2315406.983298237,1412.0134266818939,227.19211333426645,36.89479821798518,6.046638601935801,1.4321540216266844
1.0,2.4053685079942188e+16,2222790.7039663075,1383.7731581482558,223.78423163425245,36.525850235805336,6.016405408926123,1.4307218676050577
1.0,2.164831657194797e+16,2133879.0758076548,1356.0976949852907,220.42746815973865,36.160591733447276,5.986323381881492,1.4292911457374526
1.0,1.9483484914753172e+16,2048523.9127753486,1328.975741085585,217.12105613734258,35.798985816112804,5.956391764972085,1.4278618545917152
1.0,1.7535136423277856e+16,1966582.9562643347,1302.3962262638731,213.86424029528243,35.44099595795168,5.926609806147224,1.4264339927371235
1.0,1.5781622780950072e+16,1887919.6380137613,1276.3483017385956,210.6562766908532,35.08658599837216,5.896976757116488,1.4250075587443864
1.0,1.4203460502855064e+16,1812402.8524932107,1250.8213357038237,207.4964325404904,34.73572013838844,5.867491873330906,1.423582551185642
1.0,1.2783114452569558e+16,1739906.738393482,1225.8049089897472,204.38398605238302,34.38836293700455,5.838154413964251,1.4221589686344562
1.0,1.1504803007312602e+16,1670310.4688577428,1201.2888108099523,201.3182262615973,34.04447930763451,5.8089636418944295,1.420736809665822
1.0,1.0354322706581342e+16,1603498.050103433,1177.2630345937532,198.29845286767332,33.70403451455816,5.779918823684957,1.419316072856156
1.0,9318890435923208.0,1539358.1280992958,1153.7177739018782,195.32397607465822,33.36699416941258,5.751019229566532,1.4178967567832998
1.0,8387001392330888.0,1477783.8029753237,1130.6434184238406,192.39411643353833,33.03332422771845,5.7222641334187,1.4164788600265166
1.0,7548301253097799.0,1418672.4508563108,1108.0305500553636,189.50820468703526,32.70299098544127,5.693652812751607,1.41506238116649
1.0,6793471127788020.0,1361925.5528220583,1085.8699390542565,186.66558161672972,32.37596107558686,5.665184548687848,1.4136473187853236
1.0,6114124015009218.0,1307448.5307091759,1064.1525402731713,183.86559789247877,32.052201464830986,5.636858625944409,1.4122336714665382
1.0,5502711613508296.0,1255150.589480809,1042.8694894677078,181.1076139240916,31.73167945018268,5.608674332814687,1.4108214377950716
1.0,4952440452157467.0,1204944.5659015765,1022.0120996783537,178.39099971523024,31.41436265568085,5.5806309611506135,1.4094106163572766
1.0,4457196406941720.0,1156746.7832655134,1001.5718576847866,175.71513471950178,31.10021902912404,5.55272780634486,1.4080012057409192
1.0,4011476766247548.0,1110476.9119348929,981.5404205310908,173.07940769870925,30.7892168388328,5.524964167313136,1.4065932045351783
1.0,3610329089622793.5,1066057.835457497,961.909612120469,170.4832165832286,30.481324670444472,5.49733934647657,1.4051866113306433
1.0,3249296180660514.0,1023415.5220391972,942.6714198780596,167.92596833448016,30.176511423740028,5.469852649744188,1.4037814247193126
1.0,2924366562594463.0,982478.9011576292,923.8179914804983,165.40707880946297,29.874746309502626,5.442503386495466,1.4023776432945934
1.0,2631929906335016.5,943179.745111324,905.3416316508884,162.92597262732102,29.5759988464076,5.415290869562989,1.4009752656512986
1.0,2368736915701515.0,905452.555306871,887.2347990178706,160.4820830379112,29.280238857943523,5.388214415215174,1.3995742903856474
1.0,2131863224131363.5,869234.4530945962,869.4901030375132,158.0748517923425,28.987436469364088,5.361273343139098,1.3981747160952618
1.0,1918676901718227.2,834465.0749708122,852.1003009767629,155.70372901545738,28.69756210467045,5.3344669764234025,1.3967765413791664
1.0,1726809211546404.5,801086.4719719797,835.0582949572276,153.36817308022552,28.410586483623742,5.307794641541285,1.3953797648377873
1.0,1554128290391764.2,769043.0130931005,818.357129058083,151.06765048402215,28.126480618787504,5.281255668333579,1.3939843850729496
1.0,1398715461352587.8,738281.2925693764,801.9899864769214,148.80163572676182,27.84521581259963,5.254849389991912,1.3925904006878767
1.0,1258843915217329.0,708750.0408666014,785.950186747383,146.56961119086037,27.566763654473633,5.228575143041952,1.3911978102871887
1.0,1132959523695596.2,680400.0392319373,770.2311830124353,144.37106702299747,27.291096017928897,5.202432267326742,1.3898066124769015
1.0,1019663571326036.5,653184.0376626598,754.8265593521866,142.2055010176525,27.01818505774961,5.1764201059901085,1.3884168058644246
1.0,917697214193432.9,627056.6761561533,739.7300281651428,140.0724185023877,26.74800320717211,5.150538005460158,1.3870283890585602
1.0,825927492774089.6,601974.4091099072,724.9354276018399,137.9713322248519,26.48052317510039,5.124785315432857,1.3856413606695017
1.0,743334743496680.8,577895.432745511,710.4367190498032,135.9017622414791,26.215717943349386,5.099161388855693,1.384255719308832
1.0,669001269147012.6,554779.6154356904,696.227984668807,133.86323580785694,25.953560763915892,5.073665581911414,1.3828714635895234
1.0,602101142232311.4,532588.4308182627,682.3034249754309,131.85528727073907,25.694025156276734,5.048297254001857,1.3814885921259337
1.0,541891028009080.25,511284.89358553226,668.6573564759223,129.87745796167798,25.437084904713966,5.023055767731848,1.3801071035338077
1.0,487701925208172.25,490833.497842111,655.2842093464038,127.92929609225281,25.182714055666825,4.997940488893189,1.378726996430274
1.0,438931732687355.06,471200.1579284265,642.1785251594757,126.01035665086901,24.930886915110158,4.972950786448722,1.3773482694338437
1.0,395038559418619.56,452352.1516112894,629.3349546562862,124.12020130110598,24.681578045959053,4.948086032516479,1.37597092116441
1.0,355534703476757.6,434258.0655468378,616.7482555631605,122.2583982815894,24.434762265499465,4.923345602353897,1.3745949502432455
1.0,319981233129081.9,416887.7429249643,604.4132904518973,120.42452230736555,24.19041464284447,4.898728874342127,1.3732203552930022
1.0,287983109816173.7,400212.23320796574,592.3250246428593,118.61815447275507,23.948510496416024,4.874235229970417,1.3718471349377093
1.0,259184798834556.3,384203.74387964705,580.478524150002,116.83888215566374,23.709025391451863,4.849864053820564,1.3704752878027715
1.0,233266318951100.7,368835.5941244612,568.8689536670021,115.08629892332878,23.471935137537344,4.825614733551461,1.3691048125149687
1.0,209939687055990.62,354082.1703594827,557.491574593662,113.36000443947884,23.237215786161972,4.801486659883704,1.367735707702454
1.0,188945718350391.56,339918.8835451034,546.3417431017888,111.65960437288666,23.004843628300353,4.777479226584285,1.3663679719947512
1.0,170051146515352.4,326322.12820329925,535.414908239753,109.98471030729335,22.774795192017347,4.753591830451364,1.3650016040227566
1.0,153046031863817.2,313269.2430751673,524.7066100749579,108.33493965268396,22.547047240097175,4.729823871299107,1.3636366024187339
1.0,137741428677435.47,300738.47335216054,514.2124778734587,106.7099155578937,22.321576767696204,4.706174751942612,1.362272965816315
1.0,123967285809691.92,288708.93441807415,503.92822831598954,105.10926682452529,22.09836100001924,4.6826438781828985,1.3609106928504988
1.0,111570557228722.73,277160.5770413512,493.84966374966973,103.53262782215741,21.87737739001905,4.659230658791984,1.3595497821576483
1.0,100413501505850.45,266074.1539596971,483.9726704746763,101.97963840482505,21.658603616118857,4.635934505498024,1.3581902323754906
1.0,90372151355265.42,255431.18780130922,474.2932170651828,100.44994382875267,21.442017579957668,4.612754832970534,1.356832042143115
1.0,81334936219738.88,245213.94028925683,464.80735272387915,98.94319467132138,21.22759740415809,4.589691058805681,1.355475210100972
1.0,73201442597764.98,235405.38267768655,455.51120566940153,97.45904675125156,21.01532143011651,4.566742603511653,1.3541197348908711
1.0,65881298337988.49,225989.1673705791,446.4009815560135,95.99716104998278,20.805168215815346,4.5439088904940945,1.3527656151559802
1.0,59293168504189.65,216949.6006757559,437.47296192489324,94.55720363423303,20.597116533657193,4.521189346041624,1.3514128495408242
1.0,53363851653770.68,208271.61664872567,428.72350268639536,93.13884557971954,20.39114536832062,4.498583399311416,1.3500614366912833
1.0,48027466488393.62,199940.75198277662,420.14903263266746,91.74176289602374,20.187233914637414,4.476090482314858,1.348711375254592
1.0,43224719839554.26,191943.12190346557,411.7460519800141,90.36563645258339,19.985361575491037,4.453710029903284,1.3473626638793375
1.0,38902247855598.83,184265.39702732692,403.5111309404138,89.01015190579464,19.78550795973613,4.431441479753768,1.346015301215458
1.0,35012023070038.95,176894.78114623384,395.4409083216055,87.67499962720771,19.587652880138766,4.409284272354999,1.3446692859142426
1.0,31510820763035.055,169818.98990038448,387.5320901551734,86.3598746327996,19.391776351337377,4.387237850993224,1.3433246166283284
1.0,28359738686731.55,163026.2303043691,379.7814483520699,85.06447651330761,19.197858587824005,4.365301661738258,1.3419812920117
1.0,25523764818058.395,156505.18109219434,372.18581938502854,83.788509365608,19.005880001945766,4.343475153429567,1.3406393107196883
1.0,22971388336252.555,150244.97384850655,364.74210299732795,82.53168172512387,18.81582120192631,4.321757777662419,1.3392986714089687
1.0,20674249502627.3,144235.17489456627,357.4472609373814,81.29370649924701,18.627662989907044,4.300148988774107,1.3379593727375598
1.0,18606824552364.57,138465.7678987836,350.2983157186337,80.0743009017583,18.44138636000797,4.2786482438302365,1.3366214133648222
1.0,16746142097128.115,132927.1371828323,343.2923494042611,78.87318638823193,18.256972496407894,4.257255002611085,1.3352847919514574
1.0,15071527887415.303,127610.05169551898,336.4265024161758,77.69008859240844,18.074402771443815,4.23596872759803,1.333949507159506
1.0,13564375098673.773,122505.64962769822,329.6979723678523,76.52473726352233,17.893658743729375,4.21478888396004,1.3326155576523464
1.0,12207937588806.396,117605.42364259028,323.1040129204953,75.37686620456948,17.714722156292083,4.193714939540239,1.331282942094694
1.0,10987143829925.758,112901.20669688667,316.64193266208537,74.24621321150094,17.53757493472916,4.172746364842538,1.3299516591525993
1.0,9888429446933.182,108385.1584290112,310.30909400884366,73.13252001332843,17.36219918538187,4.151882633018325,1.3286217074934468
1.0,8899586502239.863,104049.75209185075,304.10291212866673,72.0355322131285,17.18857719352805,4.131123219853234,1.3272930857859533
1.0,8009627852015.877,99887.76200817671,298.0208538860934,70.95499922993157,17.016691421592768,4.110467603753968,1.3259657927001673
1.0,7208665066814.29,95892.25152784964,292.06043680837155,69.8906742414826,16.84652450737684,4.089915265735198,1.3246398269074673
1.0,6487798560132.861,92056.56146673566,286.2192280722041,68.84231412786036,16.678059262303073,4.069465689406521,1.3233151870805597
1.0,5839018704119.575,88374.29900806623,280.49484351076,67.80967941594245,16.511278669680042,4.049118360959489,1.321991871893479
1.0,5255116833707.618,84839.32704774357,274.8849466405448,66.79253422470332,16.346165882983243,4.028872769154692,1.3206698800215857
1.0,4729605150336.856,81445.75396583382,269.38724770773393,65.79064621133276,16.182704224153408,4.008728405308918,1.319349210141564
1.0,4256644635303.1704,78187.92380720047,263.99950275357924,64.80378651816277,16.020877181911874,3.9886847632823734,1.3180298609314225
1.0,3830980171772.8535,75060.40685491245,258.71951269850763,63.83172972039033,15.860668410092757,3.9687413394659616,1.316711831070491
1.0,3447882154595.5684,72057.99058071595,253.54512244453747,62.874253774584474,15.702061725991829,3.948897632768632,1.3153951192394207
1.0,3103093939136.0117,69175.67095748731,248.47421999564673,61.931139967965706,15.54504110873191,3.9291531446047885,1.3140797241201811
1.0,2792784545222.4106,66408.64411918781,243.5047355957338,61.002172868446216,15.389590697644591,3.9095073788817647,1.312765644396061
1.0,2513506090700.1694,63752.298354420294,238.63464088381912,60.08714027541952,15.235694790668145,3.8899598419873556,1.311452878751665
1.0,2262155481630.153,61202.206420243485,233.86194806614273,59.18583317128823,15.083337842761463,3.870510042777419,1.3101414258729134
1.0,2035939933467.1375,58754.11816343374,229.18470910481986,58.2980456737189,14.932504464333848,3.851157492563532,1.3088312844470404
1.0,1832345940120.4236,56403.95343689639,224.60101492272346,57.42357498861312,14.783179419690509,3.831901705100714,1.3075224531625933
1.0,1649111346108.3813,54147.79529942053,220.108994624269,56.56222136378393,14.635347625493605,3.8127421965752104,1.3062149307094306
1.0,1484200211497.5432,51981.88348744371,215.7068147317836,55.71378804332716,14.488994149238668,3.7936784855923347,1.3049087157787214
1.0,1335780190347.789,49902.60814794596,211.39267843714794,54.87808122267725,14.344104207746282,3.774710093164373,1.3036038070629425
1.0,1202202171313.01,47906.50382202812,207.16482486840496,54.054910004337096,14.200663165668818,3.755836542698551,1.3023002032558797
1.0,1081981954181.7091,45990.24366914699,203.02152837103685,53.244086354272035,14.05865653401213,3.7370573599850583,1.3009979030526237
1.0,973783758763.5382,44150.63392238111,198.96109780361613,52.44542505895796,13.91806996867201,3.7183720731851326,1.299696905149571
1.0,876405382887.1844,42384.60856548586,194.9818758475438,51.65874368307359,13.778889268985289,3.699780212819207,1.2983972082444215
1.0,788764844598.4661,40689.224222866425,191.08223833059293,50.88386252782748,13.641100376295435,3.681281311755111,1.2970988110361772
1.0,709888360138.6194,39061.65525395177,187.26059356398105,50.12060458991007,13.50468937253248,3.6628749051963356,1.2958017122251408
1.0,638899524124.7574,37499.189043793696,183.51538169270142,49.368795521061415,13.369642478807156,3.6445605306703537,1.2945059105129157
1.0,575009571712.2817,35999.22148204195,179.8450740588474,48.628263588245495,13.235946054019085,3.626337728017002,1.2932114046024028
1.0,517508614541.0536,34559.25262276027,176.24817257767046,47.89883963442181,13.103586593478893,3.608206039376917,1.2919181931978005
1.0,465757753086.94824,33176.88251784986,172.72320912611704,47.18035703990549,12.972550727544105,3.5901650091800326,1.2906262750046027
1.0,419181977778.2534,31849.80721713586,169.2687449435947,46.4726516843069,12.842825220268663,3.572214184134132,1.2893356487295982
1.0,377263780000.4281,30575.814928450425,165.8833700447228,45.775561909042295,12.714396968065977,3.5543531132134616,1.2880463130808686
1.0,339537402000.3853,29352.782331312406,162.56570264382833,45.088928480406665,12.587252998385317,3.5365813476473944,1.2867582667677877
1.0,305583661800.3468,28178.67103805991,159.31438859095178,44.41259455320056,12.461380468401464,3.5188984409091573,1.2854715085010198
1.0,275025295620.31213,27051.524196537513,156.12810081913273,43.74640563490255,12.336766663717448,3.5013039487046114,1.2841860369925189
1.0,247522766058.2809,25969.46322867601,153.00553880275007,43.090209550379015,12.213398997080274,3.4837974289610885,1.2829018509555263
1.0,222770489452.45282,24930.68469952897,149.94542802669505,42.44385640712333,12.09126500710947,3.466378441816283,1.2816189491045709
1.0,200493440507.20755,23933.45731154781,146.94651946616116,41.80719856101648,11.970352357038376,3.4490465496072016,1.2803373301554661
1.0,180444096456.4868,22976.119019085898,144.00758907683795,41.18009058260123,11.850648833467993,3.4318013168591657,1.2790569928253108
1.0,162399686810.8381,22057.07425832246,141.12743729530118,40.56238922386221,11.732142345133312,3.4146423102748695,1.2777779358324854
1.0,146159718129.7543,21174.791287989563,138.30488854939514,39.95395338550428,11.614820921681979,3.3975690987234954,1.2765001578966528
1.0,131543746316.77888,20327.79963646998,135.53879077840725,39.35464408472171,11.49867271246516,3.380581253229878,1.2752236577387563
1.0,118389371685.101,19514.68765101118,132.8280149628391,38.76432442345089,11.383685985340508,3.363678346963728,1.2739484340810174
1.0,106550434516.5909,18734.10014497073,130.17145466358232,38.18285955709912,11.269849125487102,3.3468599552289096,1.2726744856469365
1.0,95895391064.93181,17984.7361391719,127.56802557031067,37.61011666374264,11.15715063423223,3.330125655452765,1.2714018111612895
1.0,86305851958.43863,17265.346693605024,125.01666505890445,37.0459649137865,11.045579127889908,3.3134750271755014,1.2701304093501282
1.0,77675266762.59477,16574.73282586082,122.51633175772636,36.4902754400797,10.93512333661101,3.2969076520396237,1.2688602789407781
1.0,69907740086.3353,15911.74351282639,120.06600512257182,35.9429213084785,10.8257721032449,3.2804231137794257,1.2675914186618373
1.0,62916966077.70177,15275.273772313332,117.66468502012039,35.403777488851325,10.71751438221245,3.2640209982105284,1.2663238272431756
1.0,56625269469.931595,14664.262821420798,115.31139131971798,34.87272082651855,10.610339238390326,3.2477008932194757,1.2650575034159324
1.0,50962742522.93843,14077.692308563966,113.00516349332362,34.34963001412078,10.504235846006422,3.2314623887533784,1.2637924459125165
1.0,45866468270.64459,13514.584616221407,110.74506022345714,33.83438556390896,10.399193487546357,3.2153050768096114,1.2625286534666038
1.0,41279821443.58013,12974.00123157255,108.530159018988,33.32686978045033,10.295201552670894,3.1992285514255636,1.2612661248131374
1.0,37151839299.22212,12455.041182309647,106.35955583860823,32.826966733743575,10.192249537144185,3.183232408668436,1.2600048586883241
1.0,33436655369.29991,11956.839535017261,104.23236472183606,32.33456223273742,10.090327041772744,3.1673162466250933,1.2587448538296357
1.0,30092989832.36992,11478.565953616571,102.14771742739934,31.849543799246355,9.989423771355016,3.151479665391968,1.2574861089758063
1.0,27083690849.132927,11019.423315471908,100.10476307885136,31.37180064225766,9.889529533641465,3.1357222670650082,1.2562286228668305
1.0,24375321764.219635,10578.64638285303,98.10266781727432,30.901223632623797,9.790634238305051,3.120043655729683,1.2549723942439635
1.0,21937789587.797672,10155.500527538908,96.14061446092884,30.437705278134437,9.692727895922001,3.104443437451035,1.2537174218497196
1.0,19744010629.017906,9749.280506437353,94.21780217171026,29.981139698962423,9.59580061696278,3.0889212202637792,1.25246370442787
1.0,17769609566.116116,9359.309286179858,92.33344612827605,29.531422603477985,9.499842610793152,3.0734766141624603,1.251211240723442
1.0,15992648609.504505,8984.936914732663,90.48677720571054,29.088451264425814,9.40484418468522,3.058109231091648,1.2499600294827184
1.0,14393383748.554054,8625.539438143356,88.67704166159632,28.652124495459425,9.31079574283837,3.04281868493619,1.2487100694532358
1.0,12954045373.69865,8280.517860617621,86.90350082836439,28.222342628027533,9.217687785409984,3.027604591511509,1.2474613593837827
1.0,11658640836.328785,7949.297146192916,85.16543081179711,27.79900748860712,9.125510907555885,3.0124665685539513,1.2462138980243989
1.0,10492776752.695906,7631.3252603452,83.46212219556116,27.382022376278016,9.034255798480325,2.9974042357111816,1.2449676841263744
1.0,9443499077.426315,7326.0722499313915,81.79287975164993,26.971292040633845,8.943913240495522,2.9824172145326258,1.243722716442248
1.0,8499149169.683684,7033.029359934136,80.15702215661693,26.566722660024336,8.854474108090567,2.9675051284599627,1.2424789937258058
1.0,7649234252.715317,6751.70818553677,78.5538817134846,26.16822182012397,8.765929367009662,2.952667602817663,1.24123651473208
1.0,6884310827.443785,6481.639858115299,76.9828040792149,25.775698492822112,8.678270073339565,2.9379042648035743,1.2399952782173478
1.0,6195879744.699407,6222.374263790687,75.4431479976306,25.389063015429777,8.591487372606169,2.9232147434795563,1.2387552829391306
1.0,5576291770.229466,5973.479293239059,73.934285037678,25.00822707019833,8.505572498880108,2.9085986697621586,1.2375165276561915
1.0,5018662593.20652,5734.540121509496,72.45559933692442,24.633103664145356,8.420516773891306,2.894055676413348,1.236279011128535
1.0,4516796333.885868,5505.158516649117,71.00648735018594,24.263607109183177,8.336311606152393,2.8795853980312813,1.2350427321174067
1.0,4065116700.497281,5284.952175983151,69.58635760318222,23.899653002545428,8.25294849009087,2.865187471041125,1.2338076893852892
1.0,3658605030.447553,5073.554088943825,68.19463045111857,23.541158207507245,8.17041900518996,2.850861533685919,1.232573881695904
1.0,3292744527.4027977,4870.6119253860725,66.8307378420962,23.188040834394638,8.08871481513806,2.8366072260174895,1.2313413078142081
1.0,2963470074.662518,4675.787448370629,65.49412308525427,22.840220221878717,8.00782766698668,2.822424189887402,1.230109966506394
1.0,2667123067.196266,4488.755950435804,64.18424062354919,22.497616918550534,7.927749390316813,2.808312068937965,1.2288798565398875
1.0,2400410760.4766397,4309.205712418371,62.9005558110782,22.160152664772276,7.848471896413645,2.794270508593275,1.2276509766833477
1.0,2160369684.428976,4136.837483921637,61.64254469485664,21.827750374800694,7.769987177449508,2.780299156050309,1.2264233257066641
1.0,1944332715.9860783,3971.363984564771,60.4096938009595,21.50033411917868,7.692287305675013,2.7663976602700573,1.2251969023809575
1.0,1749899444.3874705,3812.5094251821797,59.201499924940315,21.177829107391002,7.615364432618263,2.752565671968707,1.2239717054785766
1.0,1574909499.9487236,3660.0090481748925,58.01746992644151,20.860161670780137,7.53921078829208,2.7388028436088634,1.222747733773098
1.0,1417418549.9538512,3513.6086862478965,56.85712052791268,20.547259245718433,7.463818680409159,2.725108829390819,1.221524986039325
1.0,1275676694.958466,3373.064338797981,55.71997811735442,20.239050357032657,7.389180493605068,2.711483285243865,1.2203034610532857
1.0,1148109025.4626195,3238.1417652460614,54.60557855500733,19.935464601677168,7.315288688669017,2.6979258688176455,1.2190831575922323
1.0,1033298122.9163576,3108.616094636219,53.51346698390718,19.63643263265201,7.242135801782327,2.6844362394735573,1.21786407443464
1.0,929968310.6247219,2984.2714508507697,52.44319764422904,19.341886143162228,7.169714443764503,2.6710140582761897,1.2166462103602054
1.0,836971479.5622497,2864.900592816739,51.39433369134446,19.051757851014795,7.098017299326858,2.6576589879848087,1.2154295641498452
1.0,753274331.6060247,2750.3045691040693,50.366447017517565,18.765981483249572,7.02703712633359,2.6443706930448845,1.2142141345856954
1.0,677946898.4454223,2640.2923863399064,49.35911807716722,18.48449176100083,6.956766755070253,2.63114883957966,1.2129999204511097
1.0,610152208.60088,2534.68069088631,48.37193571562387,18.207224384585817,6.8871990875195515,2.617993095381762,1.2117869205306586
1.0,549136987.740792,2433.2934632508577,47.40449700131139,17.93411601881703,6.818327096644356,2.604903129904853,1.210575133610128
1.0,494223288.9667129,2335.9617247208234,46.45640706128516,17.665104278534773,6.750143825677912,2.5918786142553287,1.2093645584765178
1.0,444800960.0700416,2242.52325573199,45.52727892005946,17.400127714356753,6.682642387421133,2.578919221184052,1.2081551939180413
1.0,400320864.06303746,2152.8223255027106,44.61673334165827,17.139125798641402,6.615815963546921,2.566024625078132,1.2069470387241232
1.0,360288777.65673375,2066.709432482602,43.7243986748251,16.88203891166178,6.549657803911452,2.553194501952741,1.205740091685399
1.0,324259899.89106035,1984.0410551832979,42.8499107013286,16.628808327986853,6.484161225872337,2.5404285294429774,1.2045343515937137
1.0,291833909.90195435,1904.679412975966,41.99291248730203,16.37937620306705,6.419319613613614,2.5277263867957624,1.20332981724212
1.0,262650518.9117589,1828.4922364569272,41.153054237555985,16.133685560021043,6.355126417477478,2.5150877548617836,1.2021264874248778
1.0,236385467.02058303,1755.35254699865,40.32999315280487,15.891680276620727,6.291575153302703,2.5025123160874747,1.200924360937453
1.0,212746920.31852472,1685.1384451187039,39.52339328974877,15.653305072471417,6.228659401769676,2.4899997545070374,1.1997234365765155
1.0,191472228.28667226,1617.7329073139558,38.73292542395379,15.418505496384345,6.166372807751979,2.4775497557345023,1.198523713139939
1.0,172325005.45800504,1553.0235910213974,37.95826691547472,15.18722791393858,6.10470907967446,2.4651620069558295,1.197325189426799
1.0,155092504.91220453,1490.9026473805416,37.199101577165216,14.9594194952295,6.043661988877715,2.4528361969210506,1.1961278642373723
1.0,139583254.4209841,1431.2665414853197,36.45511954562191,14.735028202801058,5.983225368988937,2.4405720159364455,1.1949317363731349
1.0,125624928.97888568,1374.015879825907,35.726017154709474,14.514002779759041,5.9233931152990476,2.428369155856763,1.1937368046367618
1.0,113062436.08099711,1319.0552446328707,35.01149681161529,14.296292738062656,5.864159184146057,2.4162273100774794,1.192543067832125
1.0,101756192.47289741,1266.2930348475556,34.31126687538298,14.081848346991716,5.8055175923045965,2.4041461735270917,1.1913505247642928
1.0,91580573.22560766,1215.6413134536535,33.62504153787532,13.87062062178684,5.747462416381551,2.3921254426594563,1.1901591742395286
1.0,82422515.9030469,1167.0156609155074,32.95254070711781,13.662561312460037,5.689987792217735,2.380164815446159,1.188969015065289
1.0,74180264.31274222,1120.3350344788869,32.29348989297546,13.457622892773136,5.633087914295558,2.368263991368928,1.1877800460502237
1.0,66762237.881468,1075.5216330997314,31.647620095115943,13.25575854938154,5.576757035152602,2.3564226714120835,1.1865922660041734
1.0,60086014.0933212,1032.5007677757421,31.014667693213624,13.056922171140815,5.520989464801076,2.344640558055023,1.1854056737381693
1.0,54077412.68398908,991.2007370647124,30.39437433934935,12.861068338573704,5.465779570153066,2.332917355264748,1.1842202680644311
1.0,48669671.415590174,951.5527075821238,29.786486852562366,12.668152313495098,5.4111217744515345,2.3212527684884243,1.1830360477963668
1.0,43802704.274031155,913.4905992788389,29.19075711551112,12.478130028792672,5.357010556707019,2.309646504645982,1.1818530117485704
1.0,39422433.84662804,876.9509753076853,28.606941973200893,12.29095807836078,5.303440451139949,2.2980982721227523,1.180671158736822
1.0,35480190.46196524,841.8729362953778,28.034803133736876,12.106593707185368,5.25040604662855,2.2866077807621386,1.179490487578085
1.0,31932171.415768716,808.1980188435627,27.47410707106214,11.924994801577588,5.197901986162264,2.275174741858328,1.178310997090507
1.0,28738954.274191845,775.8700980898202,26.924624929640895,11.746119879553925,5.145922966300641,2.263798868149036,1.1771326860934164
1.0,25865058.84677266,744.8352941662273,26.386132431048075,11.569928081360615,5.094463736637635,2.2524798738082907,1.175955553407323
1.0,23278552.962095395,715.0418823995782,25.858409782427113,11.396379160140206,5.043519099271259,2.2412174744392495,1.1747795978539157
1.0,20950697.665885855,686.4402071035951,25.341241586778573,11.225433472738104,4.993083908278546,2.2300113870670533,1.1736048182560617
1.0,18855627.89929727,658.9825988194513,24.834416755042998,11.05705197064703,4.94315306919576,2.218861330131718,1.1724312134378057
1.0,16970065.109367546,632.6232948666732,24.337728419942138,10.891196191087325,4.893721538503803,2.2077670234810594,1.1712587822243679
1.0,15273058.59843079,607.3183630720063,23.850973851543294,10.727828248221016,4.844784323118764,2.196728188363654,1.1700875234421435
1.0,13745752.738587711,583.0256285491259,23.37395437451243,10.5669108244977,4.796336479887577,2.1857445474218355,1.1689174359187013
1.0,12371177.46472894,559.7046034071609,22.90647528702218,10.408407162130235,4.748373115088701,2.1748158246847265,1.1677485184827827
1.0,11134059.718256047,537.3164192708745,22.448345781281738,10.252281054698281,4.700889383937814,2.163941745561303,1.1665807699642998
1.0,10020653.746430442,515.8237625000395,21.9993788656561,10.098496838877807,4.653880490098436,2.1531220368334965,1.1654141891943355
1.0,9018588.371787399,495.19081200003785,21.55939128834298,9.94701938629464,4.607341685197452,2.1423564266493287,1.1642487750051413
1.0,8116729.534608658,475.3831795200363,21.12820346257612,9.79781409550022,4.561268268345477,2.1316446445160824,1.1630845262301361
1.0,7305056.581147793,456.36785233923484,20.705639393324596,9.650846884067716,4.515655585662022,2.1209864212935017,1.1619214417039059
1.0,6574550.923033014,438.1131382456654,20.291526605458102,9.5060841808067,4.470499029805402,2.1103814891870343,1.160759520262202
1.0,5917095.830729713,420.5886127158388,19.885696073348942,9.3634929180946,4.425794039507347,2.099829581741099,1.1595987607419398
1.0,5325386.247656741,403.7650682072052,19.487982151881962,9.22304052432318,4.3815360991122745,2.0893304338323935,1.158439161981198
1.0,4792847.6228910675,387.614465478917,19.098222508844323,9.084694916458332,4.337720738121152,2.0788837816632317,1.1572807228192168
1.0,4313562.860601961,372.1098868597603,18.716258058667435,8.948424492711457,4.29434353073994,2.0684893627549155,1.1561234420963975
1.0,3882206.574541765,357.2254913853699,18.341932897494086,8.814198125320786,4.25140009543254,2.058146915941141,1.154967318654301
1.0,3493985.9170875885,342.9364717299551,17.975094239544205,8.681985153440973,4.208886094478215,2.047856181361435,1.1538123513356469
1.0,3144587.3253788296,329.2190128607569,17.61559235475332,8.55175537613936,4.1667972335334325,2.037616900454628,1.1526585389843111
1.0,2830128.5928409467,316.0502523463266,17.263280507658255,8.423479045497269,4.125129261198098,2.027428815952355,1.1515058804453269
1.0,2547115.733556852,303.4082422524735,16.91801489750509,8.29712685981481,4.083877968586117,2.017291671872593,1.1503543745648814
1.0,2292404.160201167,291.27191256237455,16.579654599554985,8.172669956917588,4.043039188900257,2.00720521351323,1.1492040201903166
1.0,2063163.7441810505,279.62103605987954,16.248061507563886,8.050079907563823,4.002608797011254,1.9971691874456639,1.1480548161701263
1.0,1856847.3697629455,268.4361946174844,15.923100277412608,7.929328708950366,3.962582709041141,1.9871833415084357,1.146906761353956
1.0,1671162.632786651,257.698746832785,15.604638271864356,7.81038877831611,3.9229568819507294,1.9772474248008933,1.1457598545926022
1.0,1504046.369507986,247.3907969594736,15.292545506427068,7.693232946641368,3.883727313131222,1.9673611876768888,1.1446140947380097
1.0,1353641.7325571873,237.49516508109463,14.986694596298527,7.577834452441747,3.84489003999991,1.9575243817385044,1.1434694806432717
1.0,1218277.5593014685,227.99535847785083,14.686960704372556,7.464166935655121,3.8064411395999107,1.9477367598298119,1.1423260111626283
1.0,1096449.8033713216,218.87554413873679,14.393221490285104,7.352204431620295,3.768376728203912,1.9379980760306628,1.1411836851514656
1.0,986804.8230341896,210.1205223731873,14.105357060479403,7.2419213651459895,3.7306929609218726,1.9283080856505095,1.1400425014663143
1.0,888124.3407307706,201.7157014782598,13.823249919269815,7.1332925446688,3.6933860313126536,1.9186665452222569,1.138902458964848
1.0,799311.9066576936,193.6470734191294,13.546784920884418,7.026293156498768,3.6564521709995272,1.9090732124961456,1.137763556505883
1.0,719380.7159919243,185.90119048236423,13.275849222466729,6.920898759151286,3.6198876492895318,1.899527846433665,1.1366257929493773
1.0,647442.6443927318,178.46514286306964,13.010332238017394,6.817085277764017,3.5836887727966364,1.8900302072014967,1.1354891671564278
1.0,582698.3799534587,171.32653714854686,12.750125593257046,6.714828998597556,3.54785188506867,1.880580056165489,1.1343536779892713
1.0,524428.5419581129,164.47347566260498,12.495123081391904,6.614106563618593,3.5123733662179832,1.8711771558846617,1.133219324311282
1.0,471985.68776230153,157.89453663610078,12.245220619764066,6.514894965164314,3.4772496325558038,1.8618212701052383,1.1320861049869708
1.0,424787.11898607144,151.57875517065673,12.000316207368785,6.41717154068685,3.4424771362302455,1.8525121637547122,1.1309540188819838
1.0,382308.4070874643,145.51560496383047,11.760309883221408,6.320913967576546,3.408052364867943,1.8432496029359386,1.1298230648631018
1.0,344077.56637871783,139.69498076527725,11.52510368555698,6.226100258062898,3.3739718412192636,1.8340333549212589,1.1286932417982387
1.0,309669.8097408461,134.10718153466615,11.29460161184584,6.132708754191954,3.340232122807071,1.8248631881466526,1.1275645485564405
1.0,278702.82876676146,128.7428942732795,11.068709579608925,6.040718122879075,3.306829801579,1.8157388722059193,1.126436984007884
1.0,250832.54589008534,123.59317850234831,10.847335388016745,5.950107351035889,3.27376150356321,1.8066601778448896,1.1253105470238762
1.0,225749.29130107682,118.64945136225437,10.63038868025641,5.860855740770351,3.241023888527578,1.7976268769556651,1.1241852364768523
1.0,203174.36217096914,113.9034733077642,10.41778090665128,5.7729429046587954,3.2086136496423023,1.788638742570887,1.1230610512403756
1.0,182856.9259538722,109.34733437545363,10.209425288518256,5.686348761088913,3.1765275131458792,1.7796955488580324,1.121937990189135
1.0,164571.233358485,104.97344100043547,10.00523678274789,5.60105352967258,3.1447622380144202,1.7707970711137424,1.1208160521989459
1.0,148114.1100226365,100.77450336041805,9.805132047092933,5.517037726727491,3.113314615634276,1.7619430857581735,1.119695236146747
1.0,133302.69902037285,96.74352322600133,9.609029406151073,5.434282160826578,3.0821814694779333,1.7531333703293828,1.1185755409106002
1.0,119972.42911833558,92.87378229696127,9.416848818028052,5.352767928414179,3.051359654783154,1.7443677034777358,1.1174569653696897
1.0,107975.18620650203,89.15883100508282,9.22851184166749,5.272476409487966,3.0208460582353225,1.735645864960347,1.11633950840432
1.0,97177.66758585183,85.5924777648795,9.04394160483414,5.193389263345647,2.9906375976529693,1.7269676356355455,1.1152231688959156
1.0,87459.90082726664,82.16877865428431,8.863062772737457,5.115488424395463,2.9607312216764394,1.7183327974573677,1.1141079457270198
1.0,78713.91074453999,78.88202750811294,8.685801517282709,5.0387560980295305,2.931123909459675,1.7097411334700807,1.1129938377812927
1.0,70842.51967008598,75.72674640778843,8.512085486937055,4.963174756559088,2.901812670365078,1.7011924278027304,1.1118808439435115
1.0,63758.267703077385,72.69767655147687,8.341843777198314,4.888727135210701,2.8727945436614273,1.6926864656637166,1.1107689630995679
1.0,57382.44093276965,69.78976948941781,8.175006901654347,4.81539622818254,2.844066598224813,1.684223033335398,1.1096581941364683
1.0,51644.19683949269,66.99817870984108,8.01150676362126,4.743165284759802,2.8156259322425647,1.6758019181687211,1.108548535942332
1.0,46479.777155543416,64.31825156144744,7.851276628348834,4.672017805488405,2.7874696729201394,1.6674229085778776,1.1074399874063896
1.0,41831.79943998908,61.74552149898954,7.6942510957818575,4.601937538406079,2.7595949761909377,1.6590857940349881,1.1063325474189831
1.0,37648.61949599017,59.27570063902996,7.54036607386622,4.532908475329988,2.7319990264290284,1.6507903650648132,1.1052262148715641
1.0,33883.757546391156,56.90467261346876,7.389558752388895,4.464914848200038,2.704679036164738,1.642536413239489,1.1041209886566925
1.0,30495.38179175204,54.62848570893001,7.241767577341117,4.397941125477037,2.677632245803091,1.6343237311732917,1.1030168676680359
1.0,27445.84361257684,52.443346280572804,7.096932225794295,4.331972008594882,2.65085592334506,1.6261521125174252,1.1019138508003679
1.0,24701.259251319152,50.34561242934989,6.954993581278409,4.266992428465958,2.624347364111609,1.618021351954838,1.1008119369495675
1.0,22231.13332618724,48.33178793217589,6.8158937096528405,4.202987542038969,2.598103890470493,1.6099312451950638,1.099711125012618
1.0,20008.019993568516,46.39851641488885,6.679575835459784,4.139942728908385,2.572122851565788,1.6018815889690885,1.0986114138876053
1.0,18007.217994211664,44.542575758293296,6.5459843187505875,4.077843587974758,2.54640162305013,1.593872181024243,1.0975128024737177
1.0,16206.496194790498,42.76087272796156,6.415064632375576,4.0166759341551375,2.5209376068196288,1.5859028201191219,1.096415289671244
1.0,14585.846575311449,41.0504378188431,6.286763339728064,3.95642579514281,2.495728230751433,1.5779733060185261,1.0953188743815727
1.0,13127.261917780304,39.408420306089376,6.161028072933503,3.8970794082156677,2.4707709484439184,1.5700834394884335,1.094223555507191
1.0,11814.535726002274,37.8320834938458,6.037807511474833,3.8386232170924326,2.446063238959479,1.5622330222909915,1.093129331951684
1.0,10633.082153402047,36.31880015409197,5.917051361245336,3.781043868836046,2.421602606569884,1.5544218571795365,1.0920362026197323
1.0,9569.773938061842,34.86604814792829,5.798710334020429,3.7243282108035056,2.397386580504185,1.5466497478936387,1.0909441664171127
1.0,8612.796544255658,33.471406222011154,5.6827361273400205,3.668463287641453,2.3734127146991435,1.5389164991541706,1.0898532222506954
1.0,7751.516889830093,32.13254997313071,5.56908140479322,3.613436338326831,2.349678587552152,1.5312219166583998,1.0887633690284448
1.0,6976.3652008470835,30.847247974205477,5.457699776697355,3.5592347932519286,2.3261818016766305,1.5235658070751077,1.0876746056594162
1.0,6278.728680762376,29.613358055237256,5.348545781163408,3.5058462713531493,2.302919983659864,1.5159479780397322,1.0865869310537568
1.0,5650.855812686138,28.428823733027766,5.24157486554014,3.453258577282852,2.2798907838232654,1.5083682381495336,1.0855003441227031
1.0,5085.770231417525,27.291670783706653,5.136743368229337,3.401459698623609,2.257091875985033,1.5008263969587858,1.0844148437785803
1.0,4577.193208275772,26.200003952358387,5.034008500864751,3.350437803144255,2.2345209572251825,1.493322264973992,1.0833304289348018
1.0,4119.4738874481955,25.15200379426405,4.933328330847456,3.3001812360970915,2.2121757476529305,1.4858556536491219,1.082247098505867
1.0,3707.5264987033756,24.145923642493486,4.834661764230506,3.250678517555635,2.190053990176401,1.4784263753808762,1.081164851407361
1.0,3336.7738488330383,23.180086696793747,4.7379685289458955,3.2019183397923,2.1681534502746374,1.4710342435039718,1.0800836865559538
1.0,3003.0964639497342,22.252883228921995,4.643209158366978,3.1538895646954157,2.146471915771891,1.463679072286452,1.079003602869398
1.0,2702.786817554761,21.362767899765117,4.550344975199638,3.1065812212249844,2.125007196614172,1.4563606769250197,1.0779245992665285
1.0,2432.508135799285,20.50825718377451,4.459338075695645,3.05998250290661,2.10375712464803,1.4490788735403946,1.076846674667262
1.0,2189.2573222193564,19.68792689642353,4.370151314181732,3.0140827653630105,2.08271955340155,1.4418334791726928,1.0757698279925947
1.0,1970.331589997421,18.900409820566587,4.282748287898098,2.9688715238825654,2.0618923578675346,1.4346243117768291,1.074694058164602
1.0,1773.298430997679,18.144393427743925,4.197093322140136,2.924338451024327,2.041273434288859,1.427451190217945,1.0736193641064375
1.0,1595.968587897911,17.418617690634164,4.1131514556973325,2.880473374258962,2.0208606999459704,1.4203139342668554,1.072545744742331
1.0,1436.37172910812,16.721872983008797,4.030888426583386,2.8372662736450773,2.0006520929465106,1.413212364595521,1.0714731989975887
1.0,1292.734556197308,16.052998063688445,3.950270658051718,2.7947072795404013,1.9806455720170455,1.4061463027725434,1.0704017257985912
1.0,1163.4611005775773,15.410878141140907,3.871265244890684,2.752786670347295,1.960839116296875,1.3991155712586807,1.0693313240727924
1.0,1047.1149905198195,14.79444301549527,3.79383993999287,2.7114948702920856,1.9412307251339063,1.3921199934023873,1.0682619927487198
1.0,942.4034914678376,14.202665294875459,3.7179631411930125,2.6708224472377045,1.9218184178825672,1.3851593934353754,1.067193730755971
1.0,848.1631423210539,13.63455868308044,3.6436038783691522,2.6307601105291387,1.9026002337037415,1.3782335964681984,1.066126537025215
1.0,763.3468280889485,13.089176335757223,3.570731800801769,2.5912987088712014,1.883574231366704,1.3713424284858575,1.0650604104881898
1.0,687.0121452800537,12.565609282326934,3.499317164785734,2.5524292282381333,1.864738489053037,1.364485716343428,1.0639953500777015
1.0,618.3109307520483,12.062984911033855,3.429330821490019,2.5141427898145614,1.8460911041625068,1.357663287761711,1.062931354727624
1.0,556.4798376768435,11.5804655145925,3.3607442050602185,2.476430647967343,1.8276301931208816,1.3508749713229025,1.0618684233728963
1.0,500.8318539091592,11.1172468940088,3.2935293209590144,2.4392841882478327,1.8093538911896727,1.344120596466288,1.0608065549495234
1.0,450.7486685182433,10.672557018248447,3.2276587345398338,2.4026949254241154,1.791260352277776,1.3373999934839564,1.0597457483945738
1.0,405.6738016664189,10.245654737518509,3.163105559849037,2.3666545015427536,1.7733477487549982,1.3307129935165367,1.0586860026461793
1.0,365.10642149977707,9.83582854801777,3.0998434486520563,2.3311546840196122,1.7556142712674483,1.324059428548954,1.057627316643533
1.0,328.59577934979933,9.442395406097058,3.037846579679015,2.296187363759318,1.7380581285547738,1.3174391314062093,1.0565696893268897
1.0,295.73620141481945,9.064699589853175,2.977089648085435,2.261744553302928,1.720677547269226,1.3108519357491781,1.0555131196375627
1.0,266.1625812733375,8.702111606259047,2.917547855123726,2.2278183850033844,1.7034707717965336,1.3042976760704323,1.0544576065179252
1.0,239.54632314600374,8.354027142008686,2.8591968980212514,2.1944011092283335,1.6864360640785683,1.2977761876900802,1.0534031489114073
1.0,215.59169083140338,8.019866056328338,2.8020129600608263,2.1614850925899085,1.6695717034377826,1.2912873067516297,1.0523497457624957
1.0,194.03252174826304,7.6990714140752035,2.74597270085961,2.12906281620106,1.6528759864034048,1.2848308702178717,1.0512973960167333
1.0,174.62926957343674,7.3911085575121955,2.6910532468424178,2.097126873958044,1.6363472265393708,1.2784067158667822,1.0502460986207165
1.0,157.16634261609306,7.095464215211707,2.6372321819055693,2.065669970848673,1.619983754273977,1.2720146822874483,1.049195852522096
1.0,141.44970835448376,6.811645646603239,2.584487538267458,2.034684921285943,1.6037839167312373,1.265654608876011,1.0481466566695739
1.0,127.3047375190354,6.539179820739109,2.5327977875021084,2.004164647466654,1.587746077563925,1.259326335831631,1.0470985100129042
1.0,114.57426376713185,6.277612627909544,2.4821418317520663,1.9741021777546541,1.5718686167882856,1.2530297041524727,1.0460514115028914
1.0,103.11683739041868,6.026508122793162,2.432498995117025,1.9444906450883341,1.5561499306204027,1.2467645556317104,1.0450053600913884
1.0,92.80515365137681,5.785447797881436,2.3838490152146843,1.9153232854120092,1.5405884313141986,1.240530732853552,1.043960354731297
1.0,83.52463828623914,5.554029885966178,2.3361720349103905,1.886593436130829,1.5251825470010567,1.234328079189284,1.0429163943765658
1.0,75.17217445761521,5.33186869052753,2.2894485942121827,1.8582945345888666,1.509930721531046,1.2281564387933377,1.0418734779821892
1.0,67.6549570118537,5.118593942906429,2.243659622327939,1.8304201165700336,1.4948314143157355,1.222015656599371,1.040831604504207
1.0,60.88946131066833,4.913850185190172,2.1987864298813804,1.802963814821483,1.4798831001725783,1.2159055783163741,1.0397907728997027
1.0,54.8005151796015,4.717296177782565,2.1548107012837527,1.7759193575991608,1.4650842691708525,1.2098260504247922,1.038750982126803
1.0,49.32046366164135,4.5286043306712624,2.1117144872580775,1.7492805672351732,1.4504334264791439,1.2037769201726682,1.0377122311446763
1.0,44.38841729547722,4.347460157444411,2.069480197512916,1.7230413587266458,1.4359290922143524,1.197758035571805,1.0366745189135316
1.0,39.94957556592949,4.173561751146635,2.0280905935626574,1.6971957383457459,1.421569801292209,1.191769245393946,1.035637844394618
1.0,35.95461800933655,4.006619281100769,1.9875287816914045,1.6717378022705598,1.407354103279287,1.1858103991669762,1.0346022065502234
1.0,32.359156208402894,3.8463545098567384,1.9477782060575763,1.6466617352365014,1.3932805622464939,1.1798813471711413,1.0335676043436732
1.0,29.123240587562606,3.6925003294624688,1.9088226419364247,1.6219618092079537,1.379347756624029,1.1739819404352856,1.0325340367393294
1.0,26.210916528806344,3.54480031628397,1.8706461890976962,1.5976323820698344,1.3655542790577886,1.1681120307331092,1.0315015027025902
1.0,23.58982487592571,3.403008303632611,1.8332332653157422,1.573667896338787,1.3518987362672108,1.1622714705794437,1.0304700011998875
1.0,21.23084238833314,3.2668879714873063,1.7965686000094274,1.5500628778937051,1.3383797489045386,1.1564601132265464,1.0294395311986877
1.0,19.107758149499826,3.136212452627814,1.7606372280092388,1.5268119347252995,1.3249959514154932,1.1506778126604136,1.028410091667489
1.0,17.196982334549844,3.010763954522701,1.725424483449054,1.50390975570442,1.3117459919013383,1.1449244235971117,1.0273816815758214
1.0,15.477284101094861,2.890333396341793,1.6909159937800728,1.4813511093688536,1.298628531982325,1.139199801479126,1.0263542998942456
1.0,13.929555690985374,2.7747200604881215,1.6570976739044714,1.459130842728321,1.2856422466625017,1.1335038024717303,1.0253279455943514
1.0,12.536600121886838,2.6637312580685966,1.623955720426382,1.4372438800873961,1.2727858241958767,1.1278362834593718,1.024302617648757
1.0,11.282940109698155,2.5571820077458525,1.5914766060178542,1.4156852218860851,1.260057965953918,1.122197102042075,1.0232783150311082
1.0,10.154646098728339,2.4548947274360184,1.5596470738974972,1.3944499435577937,1.2474573862943787,1.1165861165318645,1.0222550367160772
1.0,9.139181488855506,2.3566989383385772,1.528454132419547,1.373533194404427,1.2349828124314348,1.111003185949205,1.0212327816793612
1.0,8.225263339969954,2.2624309808050342,1.4978850497711562,1.3529301964883604,1.2226329843071204,1.1054481700194592,1.0202115488976817
1.0,7.40273700597296,2.171933741572833,1.4679273487757332,1.332636243541035,1.2104066544640493,1.099920929169362,1.0191913373487842
1.0,6.662463305375664,2.0850563919099194,1.4385688018002183,1.3126466998879194,1.198302587919409,1.094421324523515,1.0181721460114352
1.0,5.996216974838098,2.0016541362335225,1.409797425764214,1.2929569993896006,1.1863195620402147,1.0889492179008975,1.0171539738654238
1.0,5.3965952773542885,1.9215879707841816,1.3816014772489296,1.2735626443987567,1.1744563664198127,1.0835044718113929,1.0161368198915584
1.0,4.856935749618859,1.8447244519528143,1.353969447703951,1.2544592047327752,1.1627118027556145,1.078086949452336,1.0151206830716668
1.0,4.371242174656974,1.7709354738747016,1.326890058749872,1.2356423166617836,1.1510846847280582,1.0726965147050742,1.0141055623885953
1.0,3.934117957191276,1.7000980549197136,1.3003522575748745,1.217107681911857,1.1395738378807776,1.0673330321315488,1.0130914568262066
1.0,3.5407061614721487,1.6320941327229248,1.274345212423377,1.1988510666831789,1.12817809950197,1.0619963669708912,1.0120783653693803
1.0,3.186635545324934,1.566810367414008,1.2488583081749094,1.1808683006829312,1.1168963185069503,1.0566863851360366,1.011066287004011
1.0,2.867971990792441,1.5041379527174474,1.2238811420114113,1.1631552761726873,1.1057273553218807,1.0514029532103566,1.010055220717007
1.0,2.5811747917131966,1.4439724346087495,1.199403519171183,1.145707947030097,1.0946700817686619,1.0461459384443048,1.00904516549629
1.0,2.323057312541877,1.3862135372243996,1.1754154487877593,1.1285223278246455,1.0837233809509752,1.0409152087520832,1.0080361203307937
1.0,2.0907515812876896,1.3307649957354235,1.1519071398120042,1.1115944929072759,1.0728861471414655,1.0357106327083228,1.0070280842104629
1.0,1.8816764231589205,1.2775343959060064,1.128868997015764,1.0949205755136666,1.0621572856700507,1.0305320795447812,1.0060210561262524
1.0,1.6935087808430285,1.2264330200697662,1.1062916170754487,1.0784967668809615,1.0515357128133502,1.0253794191470573,1.0050150350701261
1.0,1.5241579027587258,1.1773756992669755,1.0841657847339397,1.0623193153777473,1.0410203556852167,1.0202525220513219,1.0040100200350561
1.0,1.371742112482853,1.1302806712962965,1.062482469039261,1.046384525647081,1.0306101521283646,1.0151512594410654,1.003006010015021
1.0,1.2345679012345678,1.0850694444444444,1.0412328196584757,1.0306887577623747,1.0203040506070808,1.01007550314386,1.002003004005006
1.0,1.1111111111111112,1.0416666666666667,1.0204081632653061,1.015228426395939,1.0101010101010102,1.0050251256281406,1.001001001001001
1.0,1.0,1.0,1.0,1.0,1.0,1.0,1.0
