Date,2023-01-01,2023-01-02,2023-01-03,2023-01-04,2023-01-05,2023-01-06,2023-01-07,2023-01-08,2023-01-09,2023-01-10,2023-01-11,2023-01-12,2023-01-13,2023-01-14,2023-01-15,2023-01-16,2023-01-17,2023-01-18,2023-01-19,2023-01-20,2023-01-21,2023-01-22,2023-01-23,2023-01-24,2023-01-25,2023-01-26,2023-01-27,2023-01-28,2023-01-29,2023-01-30,2023-01-31,2023-02-01,2023-02-02,2023-02-03,2023-02-04,2023-02-05,2023-02-06,2023-02-07,2023-02-08,2023-02-09,2023-02-10,2023-02-11,2023-02-12,2023-02-13,2023-02-14,2023-02-15,2023-02-16,2023-02-17,2023-02-18,2023-02-19,2023-02-20,2023-02-21,2023-02-22,2023-02-23,2023-02-24,2023-02-25,2023-02-26,2023-02-27,2023-02-28,2023-03-01,2023-03-02,2023-03-03,2023-03-04,2023-03-05,2023-03-06,2023-03-07,2023-03-08,2023-03-09,2023-03-10,2023-03-11,2023-03-12,2023-03-13,2023-03-14,2023-03-15,2023-03-16,2023-03-17,2023-03-18,2023-03-19,2023-03-20,2023-03-21,2023-03-22,2023-03-23,2023-03-24,2023-03-25,2023-03-26,2023-03-27,2023-03-28,2023-03-29,2023-03-30,2023-03-31
1,0.0,0.0,0.0,0.0,0.0,0.007603766666666238,0.0,0.0,0.0016661263888887636,0.0,4.479305555553845e-05,0.0,1.3631944444429204e-06,0.00012213611111107524,0.0,0.0,0.000417527083333262,0.0,0.0,0.002231670833333189,0.0,0.0,0.0017897027777775834,1.794930555554735e-05,0.002190531944444229,0.0,0.0010861236111109123,0.00023106527777772644,7.005555555549393e-06,0.013325103472221607,0.0,0.0,2.861736111110316e-05,0.017469267361110333,0.0,6.180555555543618e-08,0.0002650201388888318,0.0010547624999999012,0.0,2.964652777777083e-05,0.004288854861110752,0.0,0.0,0.00024306041666664847,7.885694444442561e-05,0.0,0.0,0.00011047152777775644,0.0,0.0,0.0,0.0001246402777777611,0.0,0.0,0.0,0.0,0.0,0.0,0.0,0.0,0.0019995423611109064,0.00010507361111108665,0.0007554291666665867,0.0003921569444444126,3.6155555555551624e-05,0.0,0.0,0.0,0.0,1.7763888888862785e-06,0.0,0.0,0.00016333680555553375,0.0034086895833328754,0.0,0.00016247013888887816,0.0,0.0,0.0,0.0,0.0,6.840277777758136e-07,0.0,0.0,0.0,0.010710745833332523,0.0,0.0003879888888888451,4.623263888887329e-05,0.0
2,0.0,0.0,5.972222222218172e-07,0.0,0.0,0.0,0.0,0.00010197361111110038,0.002593390277777585,0.0,0.0008688298611110322,0.0,0.0,0.0007253284722221398,0.0,0.0,0.0,0.0,0.0,0.0,0.0,0.0,0.00021706736111105356,0.0,0.0,0.0,0.0,0.0,0.00835302708333296,0.0,9.638888888886803e-05,0.0,0.0,0.00033904652777774264,0.0,0.00011135208333331715,0.0,0.0007134097222221299,0.0,0.0,0.0,0.0003720923611110748,0.003081996527777436,0.0002952159722221771,0.0005718506944443607,0.0,0.0,0.0,0.00010748472222220763,0.0,0.0,4.8106249999983046e-05,0.0,0.0,0.0,0.0,0.0,0.0,0.0006698374999999358,3.4027777777723143e-08,0.0,3.429861111110396e-05,0.0003973541666666157,2.6236805555538545e-05,0.0003700569444443961,0.0,0.0,0.0,4.313888888883473e-06,0.003422504166666416,0.0005819402777777154,0.0,0.0,0.007819715277776973,0.0,0.0,0.0,0.0,0.0,0.0,0.0,0.007948874999999592,5.2777777777753464e-08,0.0,0.0,0.0002845395833332705,0.0,0.0,0.0,0.0
3,0.0110420333333325,0.0,8.057916666664235e-05,6.113263888887912e-05,0.0,7.378472222220593e-05,0.0,0.0007112923611110271,0.001653827777777557,8.680555555498318e-08,0.005870967361110794,0.00578981111111076,0.0,0.0,0.0,8.839583333326573e-06,0.00030616388888884255,3.742847222220933e-05,0.0,3.375208333332294e-05,0.0,0.0,0.0003473972222221835,0.0,0.0,2.822708333331943e-05,0.0,0.00012952430555552102,0.0,0.0,0.00032514722222219396,0.0,0.0,0.001495216666666509,0.0,0.0010506624999998368,0.0,0.0,0.0,0.001426428472222085,0.0,0.0018583951388885754,0.0,0.0,0.0,0.0,5.304166666665802e-05,2.4027083333317083e-05,2.1589583333326958e-05,0.003870350694444145,0.0,0.0,0.0,0.0006487493055554491,1.2590277777762499e-05,0.0,1.62986111110788e-06,3.591111111110064e-05,1.6416666666647158e-06,0.0008598222222221875,0.0,0.0,6.681249999998763e-05,0.0,0.000431173611111042,0.0,0.0,0.0,0.0,0.009819813194443652,0.0,0.001382591666666471,0.0,4.747013888887578e-05,0.0,0.0,4.698472222220751e-05,0.0,0.0004240979166665741,0.0023466666666662086,0.0003142972222221833,0.005817811805555152,0.0,0.0,0.000212589583333282,0.0,0.0,0.0,0.0,0.0
4,4.131944444433581e-07,0.0013770437499998308,0.0,0.000668337499999886,1.319444444444034e-05,0.0011857805555554267,0.0002867909722221748,4.180138888887155e-05,0.00022794513888883453,0.0,0.003953732638888543,0.0,0.0,0.0,0.0,0.0,0.0,9.095833333325507e-06,0.0,0.00015039097222218275,0.0,0.0,0.0,0.0,3.173402777777371e-05,1.3802083333327688e-05,0.0,0.0,1.5672916666660263e-05,0.0,0.0002121576388888608,0.0,4.43333333332685e-06,0.0,0.0,0.0009066520833331307,0.0,4.75277777777351e-06,0.0,0.0,0.0001092854166666409,9.376458333331093e-05,0.0,0.0,0.0,0.0,0.00011440694444442191,0.0,6.747222222217945e-06,0.0,0.0,0.0007734104166665626,0.0,0.0,0.0004035555555554894,0.0009184986111110085,0.0,0.0,0.0,0.0,0.0,0.0004692222222221851,0.00034058611111106185,0.0,0.0004047236111110486,0.0,0.0,0.0,0.0,0.0,0.0,0.00018360138888885854,0.007214966666666072,0.0,0.0,2.5757638888870282e-05,0.0,0.0,0.006929836805554868,2.7034722222168344e-06,0.002709477083332969,0.003358754861110742,9.931944444442663e-05,4.9002777777760684e-05,0.0003980805555555067,0.0,0.0,0.0,1.3019444444434135e-05,4.8881944444432906e-05
5,0.0,6.357708333331886e-05,0.0,4.245138888883856e-06,0.0002057076388888627,1.588541666665962e-05,0.005477784027777135,1.43159722222139e-05,0.0,2.3005555555549604e-05,0.009762302777777329,0.0004259951388888276,2.2291666666587575e-07,0.0,0.008190724305554863,0.0,0.0,5.95138888888316e-07,0.0,0.0,0.0,0.0,0.0,0.0,7.495763888887828e-05,4.5022916666649986e-05,0.0,0.0,0.0036485784722218094,0.0,0.0,0.0,0.0,0.002271522222222024,0.0,0.0005899236111110121,0.0,0.0,0.0,0.0,0.00557573958333301,0.0,0.00011503124999996,0.0,0.0,0.0,0.0,0.0013541638888887933,0.0,0.0,0.0005224284722221226,0.004129118055555262,0.0,0.0,0.0,0.0,0.0,0.0,0.0005267013888888063,0.0,0.0,0.0,0.0,1.4300694444431766e-05,0.0,0.0,0.0,0.0,0.0,0.0,0.0,0.0,0.0,0.0,0.0009310486111109938,0.005600203472221826,0.00018057083333328697,0.0,5.248541666665268e-05,0.0,0.003802964583333087,0.002207373611110846,0.000263945138888837,0.00031318888888883715,0.0005494451388887908,0.0,0.0,0.0,0.0001346305555555357,0.0010679652777775886
6,0.0,0.0,0.0,0.0,0.0010546527777775653,0.011402571527777123,0.00024289027777775,0.0,0.0010111388888887963,4.013888888884962e-07,9.329513888886846e-05,5.552013888888041e-05,0.012025777083332644,0.0,0.0,0.0001085416666666313,4.2893055555539326e-05,7.927013888885023e-05,0.0,0.0,0.0006126388888886256,0.0,0.0,0.0,0.0,0.0014037791666663912,0.0,0.0,0.0,0.0,0.0,1.5555555555544466e-05,0.0,0.0001921527777777015,0.0,0.0,0.0,0.0,0.00011483680555553624,0.0,0.0,0.0,0.000433318749999921,0.0,0.0,0.0,0.0,0.010288611111110242,5.8386111111096025e-05,0.0,0.011435309722221756,6.361111111107536e-05,0.0,0.0,0.0,0.0,0.0013024999999997327,0.0,0.00018624999999995278,0.0,0.0,0.0,0.0006759027777777332,0.0,0.0,0.0,0.0,0.0,0.00040249999999993085,4.722222222212697e-06,0.0,0.0030639423611107356,0.0,0.0,0.010404097222221133,0.01091631944444409,0.0,0.0,9.99777777777454e-05,0.0018204166666664163,0.0026319027777775865,0.016631736111109494,0.00010909236111106848,0.0,0.0,0.0006981833333332185,0.0,0.0,0.0,7.042361111106269e-06
7,0.0,7.217569444443257e-05,0.0,2.641458333332341e-05,0.0,0.0,0.0,0.0,0.0018579423611110085,0.0,0.0023489423611110206,0.0,0.0,0.0,0.0,0.0,0.0,4.8611111111097495e-05,0.0,0.0,0.0,0.0,0.0,3.952430555554029e-05,0.00012544444444442693,0.00024086944444439497,0.0,0.0,0.0,0.0013889777777776875,0.0001289361111110981,0.0,0.0,0.00028089722222219047,0.0,0.0,0.0012543027777776193,0.0,0.0007338888888887599,8.840624999997961e-05,3.8041666666667317e-06,0.0,0.0,0.0013529493055554843,0.0,0.0,0.0,0.0,0.0,0.0,0.0025159138888887506,0.0,0.0,0.0,0.00012567708333331712,0.0,0.0,6.944444444440646e-05,0.0,0.0,0.0,0.0,0.0011112715277776597,0.0,0.0,0.0,0.0,0.0,0.0,0.0,0.0,6.250000000010105e-09,0.00012012222222220685,0.0,1.1324999999993147e-05,0.0,0.0,0.0,0.0,0.0,6.861597222220943e-05,0.0003072770833332821,0.0002617381944444307,0.0,0.00010270138888886442,0.0,0.0,0.0,0.0,0.0004741666666665825
8,6.270138888882196e-06,3.707430555554127e-05,0.0005675388888888551,0.00012361527777776486,0.0,0.0,0.0,0.00032551319444440105,0.002490646527777643,0.0,1.5115972222217167e-05,0.0018956645833332517,0.0,0.00015160833333330084,0.0,0.0,0.0,0.0,0.0,0.0,0.000581546527777703,8.573680555554198e-05,0.0009259534722220926,0.0037763680555552414,0.00015028402777775765,0.0,0.0,0.0002837993055554897,0.0,2.047569444443484e-05,6.61944444444007e-06,0.0,0.0,0.0005936152777777525,0.0,0.0,0.0008786812499999325,1.9861111111000677e-07,0.0,0.0009682354166665637,0.0005292777777777329,0.0,0.0,0.0018610923611110243,3.375486111110604e-05,0.0013256027777776218,0.0003216430555555139,0.00011877430555553323,0.0,0.0,1.7204166666660274e-05,0.0,0.0,4.119861111109587e-05,0.0,0.0,0.00034869652777774394,0.0,0.000216663194444418,0.0,0.0,0.0,0.0,6.574999999994841e-06,1.8750000000030317e-08,0.0001180416666666511,1.3650694444435155e-05,0.001148101388888826,0.00012868055555552703,0.0,0.0,7.012222222220397e-05,0.0012698930555554643,0.0003286451388888478,1.8236111111072064e-06,2.261319444443879e-05,0.0,2.611111111101078e-07,0.0,5.611111111100994e-07,0.00024029583333330063,0.0009363951388888281,0.0005426291666666182,0.0,0.0,0.00033008749999998007,0.00010350069444442401,0.0,0.000305702777777742,0.006175963194443984
9,2.324722222221255e-05,0.0,0.0,0.0,0.0,0.0,0.0,0.002617550694444201,0.0008576111111110061,0.0,0.00045472916666660734,0.0,0.0,0.00014765624999997328,0.0,0.0,0.00044059166666663975,0.0,5.196041666665331e-05,0.0,1.2062499999975094e-06,2.44916666666612e-05,2.1033333333327537e-05,0.0,0.0,0.001413331944444376,0.006237349305555149,0.0,0.0,0.001664688888888768,0.0,0.0,0.0,0.0,0.0,1.6472222222205543e-06,0.0,0.0,0.0001972555555555106,8.86111111110625e-06,0.00015000763888884863,0.0,0.0,0.0005969229166666073,0.004389938888888432,5.976944444442979e-05,0.005137709027777328,0.0003041090277777429,0.0,3.688263888888087e-05,0.0,0.0017707791666664839,0.0,0.0002593298611110864,0.0,0.0,0.0,0.0,2.0290277777770014e-05,0.0007493493055554598,0.0,6.390763888885549e-05,0.0,0.0,0.0,0.0,4.003888888886722e-05,0.00022564722222218503,0.0,0.0,0.0,0.00020597013888884192,0.0,5.7861111111100606e-05,1.1734722222217127e-05,0.0,0.0,0.0,0.0,0.0015244743055554605,0.0,0.0,4.958333333313389e-07,0.0,0.0,0.0,0.015623712499999358,0.0014880138888887168,0.0,0.0
10,0.0,1.3886111111101052e-05,0.0014387138888887537,0.0,0.0,0.0,0.0,0.0,0.0005820951388888037,0.0,0.0002030791666666524,0.0,0.0,0.0,0.0,0.00015318888888883603,0.0,0.0,0.0,1.0197916666661774e-05,0.00046033958333329376,0.0,0.0,0.0,0.0,7.090972222220573e-05,1.0811111111104469e-05,0.0,0.0,0.00027887986111104445,0.0006758902777776754,8.749999999915462e-08,0.0011923930555553855,7.635069444442156e-05,0.0,0.0,0.0,1.3973611111104154e-05,0.00024217916666660413,0.0,0.0,0.0,0.0,0.008195915277777289,3.045138888887343e-06,0.0,0.0,5.7038888888868556e-05,0.00015454305555553382,0.0,0.0,0.0,0.0,0.0,0.0,8.448819444441992e-05,0.0,0.0,0.0,0.0,0.0,0.0,0.0,0.0,0.0,0.0002627298611110751,0.0,3.092361111106791e-06,0.0,0.0,0.0,0.002786952777777457,0.00018614930555551387,0.0,0.0,0.0,0.0,0.0,0.0,0.0,0.0,0.0,0.0,0.0,3.325763888887895e-05,0.0,0.0,0.0,0.0,0.0
11,9.846736111109619e-05,0.0007612749999998755,0.004615196527777344,0.0,0.0,0.0,0.0,0.0,0.0027800833333330418,0.0,0.0,6.412499999996059e-06,0.0,0.0,0.0,0.0,0.0,0.0,0.0,0.0,0.0,0.0,0.0,0.0,0.0,0.0,0.0,0.0,0.0,0.0,0.0,0.0,0.0,0.0,0.0,0.0,0.0,0.0,4.529861111104674e-06,0.0,0.0003721569444444005,0.0,0.0,0.0,0.0,0.0,0.0,0.0006720319444443742,0.0,0.0,0.0,0.0,9.236111110983498e-08,0.0,0.0,5.49999999999409e-07,0.0,0.0,0.00046973472222217066,0.0,0.0004244138888888014,0.0,0.0,0.0003120673611110572,0.0,0.00017115138888887098,0.0,0.0,0.0,0.0,0.0,0.0,0.016278354166666023,0.0,0.0,0.0,5.631736111110156e-05,0.0,0.0,0.0002042909722221954,0.0005321284722221753,0.0,0.0,0.0,7.637708333332326e-05,0.0,0.0,0.0,0.0,0.0
12,0.0,0.000711455555555475,1.5979166666641514e-06,0.0,0.0,0.0,0.0,0.0,0.0,0.0,1.2686805555549204e-05,7.248958333331403e-05,4.615624999998976e-05,0.0,0.0,0.00021034583333330058,0.0,0.0,0.0,0.0,0.0,0.0,0.0,0.0,0.0,0.0,0.005126982638888337,0.0,0.0,0.0,0.0,0.0,0.0,0.0,0.0,0.0,0.0,0.0,0.0,0.0,0.00031413819444438664,0.0,0.0,0.0,0.0,0.0,8.72020833333235e-05,0.0,3.8194444444232074e-08,0.0,0.0,0.0,0.0,0.0,0.0,3.199999999995799e-06,0.0,0.0,2.3940277777773447e-05,0.0,1.8412499999983883e-05,0.00010305416666664612,0.004302413194444112,0.0,0.0,0.0007462708333332503,0.0,0.0,0.0,0.0,0.000146755555555539,7.659722222211032e-07,9.565277777771422e-06,0.003906681944444107,0.00361031458333314,0.0,0.00010982847222220599,0.0,0.0,0.001791860416666478,0.0,0.0,0.0,0.0,6.0541666666659785e-05,0.0,0.0,0.0,0.0,1.072708333332173e-05
13,0.0,0.0,0.0,0.0,0.0,0.0,0.0,0.0,0.0,9.113263888886595e-05,6.971805555552596e-05,0.0,5.937499999984928e-07,3.7758333333316095e-05,0.0,0.0013186256944443338,0.0027898201388887075,0.0,0.0,3.4374999999858206e-07,0.0,0.0,0.0,0.0,0.0,7.591666666660026e-06,0.00017962152777774244,0.0,0.0,0.0,0.0001872590277777464,0.0,0.0,0.0,7.708333333307967e-07,0.0,0.00895819861111059,0.0,0.0,0.0,4.7940277777750575e-05,0.0,3.968888888888195e-05,0.0001526993055555333,0.0,0.0,3.323124999999156e-05,0.0,5.035416666663295e-06,0.00344884652777743,0.0,0.0,8.020833333323276e-07,0.0,0.0,0.00015612916666662486,5.502777777775365e-05,0.0,0.0,0.0004207083333332958,0.0,2.723402777776496e-05,0.00014543958333330614,0.0,0.0,3.985208333331701e-05,0.0,0.002262865972222026,0.0,7.843055555553214e-05,8.147916666659938e-06,0.0002251784722221818,0.0,0.0014617159722220652,0.00014045347222220764,0.0,1.6591666666662735e-05,0.0,0.0005313472222221691,4.6666666666577643e-07,0.0,0.0,0.0,0.0,0.0,0.007275887499999559,0.0031818104166664177,0.0,1.8386111111103885e-05,5.586736111110133e-05
14,2.2159722222190066e-06,0.0,0.0,0.0,2.9736111111110396e-06,0.0,0.0,0.0,3.627847222221191e-05,0.010976067361110352,0.0005411055555554819,0.00011450138888884255,9.775416666665481e-05,0.0001324111111110968,0.0,0.0,0.0002879749999999544,0.0,0.0007854548611109669,0.0,0.0,0.000764815277777683,0.0,0.0,0.0,0.0,0.0,0.0,6.62499999998604e-07,2.349236111109586e-05,0.0,0.0,0.0,0.0,0.0,0.0,0.0,0.0,0.0017843645833331358,0.0,0.0,0.0,0.0,0.0,0.0,0.0004052124999999629,0.0,0.0,0.0010981263888887702,0.00021384374999997027,5.588194444441857e-06,0.0,0.0,0.0,0.0033622201388885478,0.0006247611111109983,0.009217432638888166,0.0001106520833332953,0.0,0.0,0.0,0.0005883229166665988,0.0,0.0009591680555553882,0.0,0.0,1.1458333333269622e-07,0.0005553548611110543,0.0,0.0001518249999999741,1.9862499999990667e-05,0.0,1.9547916666663075e-05,0.0,0.0003266277777777339,0.00011254861111109479,7.814166666665222e-05,0.0,0.0,5.734027777776281e-05,0.0,0.0,0.0,0.0,0.0021016798611108714,0.0006936215277777194,0.0003986479166665951,6.895833333316522e-07,8.802083333327499e-06,0.0013650881944443454
15,0.0,0.00024533749999995706,0.0,0.0,0.0005291138888888276,0.0,0.0,0.0,0.0,0.004986640972221799,2.4236111111057095e-07,0.0,0.0,1.1993055555528345e-06,0.000386843055555531,4.139583333329829e-06,0.0005396090277777127,0.0,0.0,0.0,4.608819444442642e-05,0.0,0.0026297812499998514,0.0,0.0,0.0,0.0,0.0,0.0,0.00013886319444439285,0.0,0.0,0.0,0.0,0.0,0.0,0.0009227395833332077,0.0,0.00012391666666664678,0.0,0.0,0.0,0.0,0.0,0.0,0.0005815909722221837,0.0,0.0,0.00023679444444442538,0.0,0.0012727798611109492,0.0,0.0002566013888888715,0.0,0.0,0.0,0.003439277777777418,0.0002964576388888417,0.0,0.0,0.0,2.232986111110533e-05,0.0,0.0,0.0,0.0,0.0005014993055554844,0.0,0.0,0.0,2.9956249999985275e-05,1.6944444444395087e-07,0.0,0.00024272361111104572,0.0,0.0,0.0,1.5034722222213089e-06,0.0,0.0,0.0,0.0,0.0,0.00020094444444442613,0.0,0.0,7.082569444442349e-05,0.001303870833333182,6.035416666664714e-05,0.0
16,0.0,8.822638888887556e-05,0.0,0.0,0.0,0.0,0.0,0.0,0.0,0.0,0.0,0.00020088541666663258,0.0,0.0,0.0,0.0,0.0,1.742222222221547e-05,0.0,0.0,0.0,0.0,0.029724434027776404,0.0,0.0,0.0,0.0,0.0,0.0,0.0,0.0,0.0,0.0,0.0,0.0,0.0,0.0,0.0,0.0,0.0,0.0,0.0,0.0,1.4833333333314554e-06,0.0,1.731874999999001e-05,0.0,0.0002291562499999442,8.626458333331755e-05,0.0,0.0,0.0,0.0,0.0,0.0,0.0,0.0003197513888888502,4.1944444444287475e-07,0.0,0.0,0.0,0.0,0.0,0.0,0.0,0.0,0.0,0.0,0.0,6.109097222221108e-05,0.0,0.0,0.00012284374999997164,0.0,0.0,0.0,0.0,0.0,0.0,0.001966388194444206,0.001606484722222081,0.0,0.0,0.0,0.0,0.0001035562499999666,0.0,7.898749999998017e-05,8.104166666660362e-06,0.0
17,0.0013004055555554735,0.0,0.00014340069444441204,0.0,0.0,0.0,0.0,0.0,0.0,0.0,9.544444444438386e-06,0.009771007638888279,0.0,0.0,1.180555555535534e-08,0.0016517888888886848,0.0,0.00010863611111107415,0.0010577173611110938,0.0,0.0,0.0,0.0027881048611109135,8.87173611110977e-05,0.0,0.000322310416666637,0.0,8.402777777681712e-08,0.0,0.0,0.0,0.0,0.0,0.0,2.9663194444437362e-05,0.0,0.0,0.0,0.0,0.0,0.0,0.0,0.0,0.0,0.0,0.0,0.0,0.0,0.0,2.135138888888191e-05,0.0,7.168472222220847e-05,0.0,0.0,0.0,0.0,0.0,0.0,0.0,0.0,9.410833333332184e-05,0.0,0.000164472222222207,0.0,1.1291666666661568e-05,0.0,0.0,0.0,0.0,0.0,0.0,2.8988888888882416e-05,0.00013155902777772937,0.0,0.0,0.0,1.6320138888881668e-05,5.701111111109825e-05,0.0,0.0,0.0,0.0,0.0,0.0,0.0,0.0,0.0,0.0,0.0,9.747916666659073e-06
18,0.0,0.00023966736111108764,0.0,0.0,0.0,0.0,0.0,0.0,3.902777777773123e-07,0.0,0.0,0.0,0.0,0.0,8.309027777773833e-06,0.005144031944444147,8.576388888867667e-07,0.00035031736111103615,0.0,0.0,0.0,0.0,0.0,0.00017250069444442012,0.0,0.0013539444444443003,0.0,0.0,0.0,0.0,0.0,0.0,0.0,0.0,0.0,0.0,0.0003128638888888263,0.0,0.0,0.0,0.0,0.0,0.0,0.0,0.0004292361111110305,0.0,3.888888888883773e-06,1.388888888885652e-07,0.0,0.00011494652777775086,2.4305555555528515e-06,0.0,2.898749999999506e-05,4.0340277777768876e-05,0.0,0.0,0.00017604166666664668,0.0010803472222220012,4.513888888886264e-06,4.189305555554215e-05,0.0,0.0,0.00011131944444442877,0.0,0.0,0.00029944444444439985,0.0,0.0,3.372847222221272e-05,1.3191666666659705e-05,0.0,8.791666666664237e-05,2.4097222222209485e-05,0.0,0.0,0.0,0.0,0.0,5.590277777775802e-05,0.0,0.002383123611110873,0.0,0.0,0.0,0.0,8.999999999995308e-06,0.0,0.0,0.0,0.0
19,1.2499999999970867e-06,0.0,0.0,0.0,0.0005279374999999433,1.69444444442964e-07,0.0,0.0,0.0,0.0014088083333332095,0.017965531249998782,0.0,0.0,0.0,0.0,0.0,0.0,0.0,0.0,0.0,0.00010229861111108857,0.0,6.05347222221633e-06,0.0017796541666665374,0.00015514444444443055,0.00020125277777776162,0.00010057708333331897,0.0,0.0,0.0,0.0,0.0,0.0,0.0,0.0,0.0,0.0,0.0,0.0,0.0,0.003749510416666282,0.0003740340277777104,3.3319444444421564e-06,0.0,0.005353953472221918,0.0,0.0,0.0,1.3819444444390032e-07,0.00033642013888885894,1.2673611111092677e-06,0.0,3.547986111110044e-05,1.881944444443315e-05,0.0,0.0,0.0,0.0,0.0007105166666666019,0.0,0.00022489166666663784,0.0,0.0,0.0,0.0,0.0006261874999999724,0.0,0.0,0.0,0.0,0.0,0.00034388888888886555,0.0,0.0,0.0,0.0,9.95180555555391e-05,0.0,0.0,0.0,1.0261805555550217e-05,2.277638888887829e-05,0.0,0.0,0.0,0.0003683333333333142,0.0,7.59027777777425e-05,0.0,0.0
20,0.0001322923611110739,0.0,0.00011645138888886446,0.0,0.0,0.0,0.00106696527777765,0.0,0.0,3.444930555554097e-05,0.008203920138888354,0.0,0.00011722361111109346,0.0,0.0,0.0,0.0,0.0,0.0,0.0,9.812499999981326e-07,0.0,0.0,0.00010302916666664311,0.0,0.0006739652777777098,8.393749999998966e-05,1.0060416666659578e-05,0.0,0.0,0.0,0.0001868798611110847,0.0,0.0,0.0,0.0,0.0,0.0,0.014719083333332826,4.251388888884852e-06,0.010593059027777095,0.0,0.0,0.00021455833333329405,0.0,0.0004060340277777281,0.0011421652777776228,0.0002536062499999586,0.0,0.0,0.0,0.0,0.0,0.0008865659722220975,0.0013770013888887872,0.0,9.95173611110905e-05,0.0,0.0,0.000296199999999946,0.0,1.0436111111104355e-05,0.0,0.00033598888888880936,0.0,0.0,0.0,0.0,0.0,0.0,0.00041357986111103823,0.0001481527777777626,5.630555555549144e-06,0.0020221798611108543,0.0,8.511944444442291e-05,0.0,0.0,0.0,0.0,0.0,0.0,0.0,5.856041666665806e-05,0.0,0.0,0.0,0.0004123937499999419,0.0,0.00014557430555554152
21,0.0004444194444443762,0.0005117083333332638,0.0,0.0,0.00014379027777775406,4.526388888883323e-06,6.444236111108312e-05,0.0,0.0,3.981249999996569e-06,6.249999999516673e-09,0.0,0.00026276944444439783,0.0002539180555555114,5.065972222217694e-06,7.60416666665758e-07,0.0,0.0006007784722221329,0.0,0.0,0.0,0.0,0.0005287618055554688,0.0,0.0,0.0,0.0004777819444443665,0.0,0.0,0.0,0.0,0.0,0.0,0.0031741423611108557,0.0,0.00010912986111108481,0.0006561034722221354,0.00042824444444435154,2.260694444443286e-05,0.0,0.0,0.0,0.0,0.0,0.0,0.0,0.005317022916666203,0.0008174208333331852,0.0,0.0,0.0,0.0,0.0,0.0003690916666665927,0.00038762083333327536,3.515347222221256e-05,0.0,0.0,3.2322916666655606e-05,0.0015859763888887398,0.0,0.00010459027777774644,0.0,0.00019006666666663384,0.0,0.0,5.1327083333315825e-05,0.0,3.068124999999188e-05,0.0,0.0,0.0002779687499999496,0.0,0.0,0.0,0.006492772222221853,0.0,0.0,0.0,3.521944444443302e-05,0.0,0.0,0.0,0.0007906756944443316,0.0,0.0,0.0,0.0,0.0,0.0
22,0.0,0.0026720215277775037,0.0,2.9214583333327444e-05,0.0,0.0,0.0,0.0,0.0,0.0005146347222221909,0.008598668055555042,0.0,0.00038134236111103496,0.0,0.00026760208333328854,0.0,0.0,0.00017732013888885283,7.14895833333198e-05,7.96749999999882e-05,0.0,0.0,0.0001692854166666481,0.0,1.7494444444437916e-05,0.0,0.008113567361110524,0.0014466069444442507,0.0,0.0,0.0,0.0,1.6322916666656874e-05,0.0004875777777776951,0.0,0.0,1.5069444444441398e-07,0.00028142499999993345,0.0015714916666665474,5.473472222221165e-05,2.749305555554354e-06,2.5021527777770756e-05,0.0,0.0,0.0,0.0,0.0,0.0,2.6263888888827183e-06,0.0,0.0,0.00013170347222220535,0.0,0.00036537916666663556,0.0,0.0,0.0005838868055554539,0.0,0.0012884263888886772,0.00041383472222214984,0.0,0.0,0.0,0.0,0.0,0.0,0.0,5.032638888883155e-06,0.0,0.0,0.00019510069444439448,0.006313411805555019,0.0,0.000290598611111096,0.0044768493055552545,0.0004103993055554768,0.0,0.00021621527777775077,0.0,0.000355672916666646,0.0,0.0,8.819444444332604e-08,0.0034387569444440267,0.0,0.0002170291666666202,0.0,0.0,0.0003683423611110717,0.0003081916666666309
23,5.355555555554275e-05,0.0,0.0,0.0,0.0,0.0,0.0004728847222221451,0.0,0.0,0.0,3.7138888888864505e-06,5.315277777773433e-06,0.0,0.0,0.0,0.0,0.0,0.0,4.104166666665687e-05,0.0009962118055554564,0.0,0.0,0.0075195465277772405,0.0,0.0,0.0,0.0,0.0,2.0451388888877e-06,0.0,0.0,0.0,0.0,0.0,0.0,0.0,0.0,0.0,0.0,0.0,0.0,0.00033069305555548557,0.0,0.0,0.0,0.0,0.0,0.0005234569444443777,0.0,1.2463194444436197e-05,0.0,0.0,0.0,0.0,0.0,0.0,3.6992361111107326e-05,0.0,0.0,0.00026320763888885106,0.0,3.5979166666634377e-06,0.0,0.0,0.0,0.0,0.0,0.0,0.0,0.0,2.8583333333282506e-06,0.0,0.0,0.0,1.0562499999996354e-05,0.000601615972222152,0.0,0.0,0.0,0.0,0.0,0.0,0.0,0.0,1.9275541709541517e-05,0.0,0.0,0.0,1.2381944444432117e-06,1.2868749999992681e-05
24,0.0,0.0,2.5018779734560237e-05,0.0,0.0,0.0,0.0012848525077845674,0.0006679699885961026,0.0,0.0,0.0,0.0011389169308636017,0.0,0.0,0.0,0.0,1.675354723606757e-06,0.0,0.009852963354572464,5.2672042263291675e-05,0.0,0.0,0.0012967512315955512,0.004844350480243756,8.823979520850158e-06,0.0,1.723773500944962e-05,0.0,0.008169207809194676,0.0,4.3376710043315133e-07,0.0,0.000647114983160221,0.0,0.0,0.0,0.0,4.9370010847355575e-08,0.000704350972914215,0.00018032891807654312,0.0,0.00038441531361202885,0.002180619055564604,0.0,0.0,0.0,0.0,0.00025982197443881174,0.0,0.00028835401134968166,0.00018372215888547172,0.00017083797404906866,4.1527545909785093e-07,0.0019834007956377004,0.00024324529405208713,0.0,0.0005374200589477716,0.0,0.0,0.0027500300960269816,0.0,0.0,0.0,0.0,0.0,0.0,0.0,0.0,0.001257477532622789,0.0,0.0,3.91143397906841e-05,0.0,0.0,0.0,0.0005445072897303635,0.0,2.8067002420754814e-05,0.0,0.0,0.0,0.0007098534767981196,0.0,0.0,,0.0,0.0,0.0,0.0,5.838847800687054e-07
