Date,Values
2023-01-01 00:00:00,0.0
2023-01-01 01:00:00,0.0009444083333332047
2023-01-01 02:00:00,0.0
2023-01-01 03:00:00,0.0
2023-01-01 04:00:00,0.0
2023-01-01 05:00:00,8.100763888886932e-05
2023-01-01 06:00:00,0.0
2023-01-01 07:00:00,0.0
2023-01-01 08:00:00,0.0
2023-01-01 09:00:00,0.0
2023-01-01 10:00:00,0.0
2023-01-01 11:00:00,0.0
2023-01-01 12:00:00,0.0
2023-01-01 13:00:00,0.0
2023-01-01 14:00:00,7.39048611110999e-05
2023-01-01 15:00:00,0.0030639597222219435
2023-01-01 16:00:00,0.01607670972222159
2023-01-01 17:00:00,0.01428004652777739
2023-01-01 18:00:00,0.0
2023-01-01 19:00:00,0.0
2023-01-01 20:00:00,0.0
2023-01-01 21:00:00,0.0
2023-01-01 22:00:00,0.00035586458333326695
2023-01-01 23:00:00,0.0
2023-01-02 00:00:00,0.0
2023-01-02 01:00:00,0.0
2023-01-02 02:00:00,0.0003009229166666202
2023-01-02 03:00:00,0.0
2023-01-02 04:00:00,0.0004180520833332106
2023-01-02 05:00:00,2.6874999999987697e-05
2023-01-02 06:00:00,0.0
2023-01-02 07:00:00,0.0
2023-01-02 08:00:00,2.6660416666654344e-05
2023-01-02 09:00:00,0.0
2023-01-02 10:00:00,0.0011752256944444252
2023-01-02 11:00:00,5.29166666665384e-07
2023-01-02 12:00:00,0.000630727777777666
2023-01-02 13:00:00,0.0
2023-01-02 14:00:00,0.0
2023-01-02 15:00:00,0.0
2023-01-02 16:00:00,0.0
2023-01-02 17:00:00,0.0
2023-01-02 18:00:00,0.0
2023-01-02 19:00:00,0.0
2023-01-02 20:00:00,0.0
2023-01-02 21:00:00,0.0
2023-01-02 22:00:00,0.0
2023-01-02 23:00:00,0.0
2023-01-03 00:00:00,3.868055555552216e-06
2023-01-03 01:00:00,0.001384362499999899
2023-01-03 02:00:00,0.0
2023-01-03 03:00:00,0.0
2023-01-03 04:00:00,0.0
2023-01-03 05:00:00,0.0
2023-01-03 06:00:00,0.0
2023-01-03 07:00:00,0.0
2023-01-03 08:00:00,0.0
2023-01-03 09:00:00,0.0
2023-01-03 10:00:00,0.0008972833333333068
2023-01-03 11:00:00,0.0
2023-01-03 12:00:00,1.2006944444426577e-06
2023-01-03 13:00:00,0.00014006111111109485
2023-01-03 14:00:00,4.5979166666644625e-05
2023-01-03 15:00:00,0.0026213618055553516
2023-01-03 16:00:00,0.0
2023-01-03 17:00:00,1.7965972222209438e-05
2023-01-03 18:00:00,0.008821805555554897
2023-01-03 19:00:00,0.0
2023-01-03 20:00:00,0.0
2023-01-03 21:00:00,0.0
2023-01-03 22:00:00,0.0
2023-01-03 23:00:00,0.0002445663967948679
2023-01-04 00:00:00,0.0
2023-01-04 01:00:00,0.0002879090277777483
2023-01-04 02:00:00,0.0
2023-01-04 03:00:00,0.0
2023-01-04 04:00:00,0.0
2023-01-04 05:00:00,0.0
2023-01-04 06:00:00,0.0
2023-01-04 07:00:00,1.597222222220967e-07
2023-01-04 08:00:00,0.0007153486111110441
2023-01-04 09:00:00,0.0
2023-01-04 10:00:00,0.0002504395833333146
2023-01-04 11:00:00,0.0
2023-01-04 12:00:00,0.0
2023-01-04 13:00:00,0.00017542083333329592
2023-01-04 14:00:00,0.0
2023-01-04 15:00:00,0.0
2023-01-04 16:00:00,0.0
2023-01-04 17:00:00,0.0
2023-01-04 18:00:00,0.0
2023-01-04 19:00:00,0.0
2023-01-04 20:00:00,1.5429166666654935e-05
2023-01-04 21:00:00,0.0
2023-01-04 22:00:00,0.0
2023-01-04 23:00:00,0.0009100549695853032
2023-01-05 00:00:00,0.0
2023-01-05 01:00:00,0.0
2023-01-05 02:00:00,3.8411805555535534e-05
2023-01-05 03:00:00,0.0
2023-01-05 04:00:00,0.0
2023-01-05 05:00:00,0.0
2023-01-05 06:00:00,0.0
2023-01-05 07:00:00,0.0
2023-01-05 08:00:00,0.00046781597222212806
2023-01-05 09:00:00,0.0
2023-01-05 10:00:00,0.0
2023-01-05 11:00:00,0.0
2023-01-05 12:00:00,4.224305555555258e-06
2023-01-05 13:00:00,9.561111111106888e-06
2023-01-05 14:00:00,0.0
2023-01-05 15:00:00,2.1874999999936684e-07
2023-01-05 16:00:00,0.0018521277777775356
2023-01-05 17:00:00,0.0
2023-01-05 18:00:00,0.0
2023-01-05 19:00:00,0.0
2023-01-05 20:00:00,0.0
2023-01-05 21:00:00,0.0
2023-01-05 22:00:00,0.00031169236111104474
2023-01-05 23:00:00,0.00021754418928321192
2023-01-06 00:00:00,0.0
2023-01-06 01:00:00,0.00012517430555552926
2023-01-06 02:00:00,0.0
2023-01-06 03:00:00,0.0
2023-01-06 04:00:00,0.0
2023-01-06 05:00:00,0.0
2023-01-06 06:00:00,0.0
2023-01-06 07:00:00,6.615347222220939e-05
2023-01-06 08:00:00,2.2513888888879348e-05
2023-01-06 09:00:00,0.0002207138888888322
2023-01-06 10:00:00,0.0
2023-01-06 11:00:00,0.0
2023-01-06 12:00:00,4.4979861111101984e-05
2023-01-06 13:00:00,0.0
2023-01-06 14:00:00,0.0
2023-01-06 15:00:00,1.4263888888884758e-05
2023-01-06 16:00:00,0.0
2023-01-06 17:00:00,0.0
2023-01-06 18:00:00,0.0
2023-01-06 19:00:00,0.0
2023-01-06 20:00:00,0.0
2023-01-06 21:00:00,0.0
2023-01-06 22:00:00,1.9749305555544832e-05
2023-01-06 23:00:00,0.0
2023-01-07 00:00:00,2.486111111100876e-07
2023-01-07 01:00:00,0.0
2023-01-07 02:00:00,4.4854166666624056e-06
2023-01-07 03:00:00,0.0
2023-01-07 04:00:00,0.0
2023-01-07 05:00:00,0.0
2023-01-07 06:00:00,0.0
2023-01-07 07:00:00,0.00013824930555553116
2023-01-07 08:00:00,0.0
2023-01-07 09:00:00,0.0
2023-01-07 10:00:00,0.0
2023-01-07 11:00:00,0.0
2023-01-07 12:00:00,0.0
2023-01-07 13:00:00,0.0
2023-01-07 14:00:00,0.0
2023-01-07 15:00:00,0.0
2023-01-07 16:00:00,0.0
2023-01-07 17:00:00,0.0
2023-01-07 18:00:00,0.0
2023-01-07 19:00:00,3.994513888887595e-05
2023-01-07 20:00:00,0.0
2023-01-07 21:00:00,0.00256273402777743
2023-01-07 22:00:00,0.0
2023-01-07 23:00:00,0.0
2023-01-08 00:00:00,0.0002780118055555346
2023-01-08 01:00:00,0.006011063888888601
2023-01-08 02:00:00,0.0
2023-01-08 03:00:00,0.0
2023-01-08 04:00:00,0.0
2023-01-08 05:00:00,5.6458333333310804e-05
2023-01-08 06:00:00,1.7743055555532707e-06
2023-01-08 07:00:00,0.0
2023-01-08 08:00:00,0.0
2023-01-08 09:00:00,0.0
2023-01-08 10:00:00,8.063888888882629e-06
2023-01-08 11:00:00,8.819444444431291e-07
2023-01-08 12:00:00,0.0
2023-01-08 13:00:00,0.0
2023-01-08 14:00:00,0.0
2023-01-08 15:00:00,0.0
2023-01-08 16:00:00,0.0
2023-01-08 17:00:00,1.475347222221362e-05
2023-01-08 18:00:00,0.0
2023-01-08 19:00:00,0.0
2023-01-08 20:00:00,2.183749999999238e-05
2023-01-08 21:00:00,0.00012276944444441373
2023-01-08 22:00:00,0.0017281749999998198
2023-01-08 23:00:00,3.939726865629104e-05
2023-01-09 00:00:00,0.0
2023-01-09 01:00:00,0.0
2023-01-09 02:00:00,0.0
2023-01-09 03:00:00,0.0
2023-01-09 04:00:00,4.409166666665292e-05
2023-01-09 05:00:00,1.8034722222193267e-06
2023-01-09 06:00:00,2.819652777777046e-05
2023-01-09 07:00:00,0.000324798611111062
2023-01-09 08:00:00,0.0011378743055554716
2023-01-09 09:00:00,0.0
2023-01-09 10:00:00,1.9012499999991267e-05
2023-01-09 11:00:00,0.0
2023-01-09 12:00:00,8.73743055555244e-05
2023-01-09 13:00:00,0.0
2023-01-09 14:00:00,6.103472222214437e-06
2023-01-09 15:00:00,0.00015173958333331288
2023-01-09 16:00:00,0.0
2023-01-09 17:00:00,4.545277777776382e-05
2023-01-09 18:00:00,0.0
2023-01-09 19:00:00,0.0
2023-01-09 20:00:00,0.0
2023-01-09 21:00:00,0.0
2023-01-09 22:00:00,0.0
2023-01-09 23:00:00,0.0
2023-01-10 00:00:00,6.576388888874303e-07
2023-01-10 01:00:00,0.0
2023-01-10 02:00:00,0.0
2023-01-10 03:00:00,1.3754166666660615e-05
2023-01-10 04:00:00,0.0
2023-01-10 05:00:00,0.0
2023-01-10 06:00:00,1.8055555555513477e-06
2023-01-10 07:00:00,0.0009737097222221084
2023-01-10 08:00:00,0.0
2023-01-10 09:00:00,0.0
2023-01-10 10:00:00,0.0
2023-01-10 11:00:00,0.0
2023-01-10 12:00:00,0.0
2023-01-10 13:00:00,0.0
2023-01-10 14:00:00,0.0
2023-01-10 15:00:00,0.00024852291666664894
2023-01-10 16:00:00,0.00039449791666661604
2023-01-10 17:00:00,0.00019012222222218188
2023-01-10 18:00:00,0.0
2023-01-10 19:00:00,0.0
2023-01-10 20:00:00,0.0
2023-01-10 21:00:00,2.6740972222212277e-05
2023-01-10 22:00:00,5.209861111110215e-05
2023-01-10 23:00:00,0.0015050126921252066
2023-01-11 00:00:00,0.0003609430555555187
2023-01-11 01:00:00,0.004020526388888722
2023-01-11 02:00:00,1.8750000000030317e-08
2023-01-11 03:00:00,0.0
2023-01-11 04:00:00,0.0
2023-01-11 05:00:00,0.0
2023-01-11 06:00:00,6.287291666665072e-05
2023-01-11 07:00:00,0.0020092479166664867
2023-01-11 08:00:00,2.2954166666651313e-05
2023-01-11 09:00:00,0.0008082798611110497
2023-01-11 10:00:00,3.579374999998485e-05
2023-01-11 11:00:00,0.0
2023-01-11 12:00:00,0.0
2023-01-11 13:00:00,0.0
2023-01-11 14:00:00,0.0
2023-01-11 15:00:00,4.746180555554671e-05
2023-01-11 16:00:00,0.0
2023-01-11 17:00:00,2.8709027777765367e-05
2023-01-11 18:00:00,0.0
2023-01-11 19:00:00,0.0
2023-01-11 20:00:00,2.448819444443393e-05
2023-01-11 21:00:00,7.392638888887662e-05
2023-01-11 22:00:00,0.00016790347222218197
2023-01-11 23:00:00,0.00010812440672284367
2023-01-12 00:00:00,0.0005457791666666149
2023-01-12 01:00:00,0.000582352777777723
2023-01-12 02:00:00,0.0234345319444439
2023-01-12 03:00:00,0.0007700972222221224
2023-01-12 04:00:00,0.0
2023-01-12 05:00:00,0.0005813868055554838
2023-01-12 06:00:00,0.00016854166666660793
2023-01-12 07:00:00,0.015082218055554743
2023-01-12 08:00:00,0.0
2023-01-12 09:00:00,0.0
2023-01-12 10:00:00,0.0
2023-01-12 11:00:00,7.10847222221996e-05
2023-01-12 12:00:00,4.368611111109742e-05
2023-01-12 13:00:00,0.0
2023-01-12 14:00:00,0.0003466631944443726
2023-01-12 15:00:00,0.0
2023-01-12 16:00:00,0.000292368749999964
2023-01-12 17:00:00,0.001302916666666452
2023-01-12 18:00:00,0.000131140972222199
2023-01-12 19:00:00,2.9176388888877782e-05
2023-01-12 20:00:00,0.006675199999999494
2023-01-12 21:00:00,0.0
2023-01-12 22:00:00,1.0204861111104474e-05
2023-01-12 23:00:00,0.0
2023-01-13 00:00:00,1.4055555555541548e-06
2023-01-13 01:00:00,0.0034513694444441197
2023-01-13 02:00:00,0.00025840833333330476
2023-01-13 03:00:00,0.00010159166666665066
2023-01-13 04:00:00,0.0
2023-01-13 05:00:00,0.0001534465277777455
2023-01-13 06:00:00,1.2243055555543551e-06
2023-01-13 07:00:00,0.0
2023-01-13 08:00:00,0.0005492361111110627
2023-01-13 09:00:00,0.0
2023-01-13 10:00:00,3.506249999999008e-05
2023-01-13 11:00:00,0.0
2023-01-13 12:00:00,0.0
2023-01-13 13:00:00,0.0
2023-01-13 14:00:00,5.383333333332185e-05
2023-01-13 15:00:00,0.0
2023-01-13 16:00:00,7.697291666664145e-05
2023-01-13 17:00:00,2.2180555555547778e-05
2023-01-13 18:00:00,0.0
2023-01-13 19:00:00,0.00012423402777776046
2023-01-13 20:00:00,2.1701388888869153e-06
2023-01-13 21:00:00,7.98472222221748e-06
2023-01-13 22:00:00,0.0008879381944443513
2023-01-13 23:00:00,0.0004265744330015435
2023-01-14 00:00:00,0.0
2023-01-14 01:00:00,0.0
2023-01-14 02:00:00,0.0
2023-01-14 03:00:00,0.00022713888888884506
2023-01-14 04:00:00,0.0001487798611110744
2023-01-14 05:00:00,0.0
2023-01-14 06:00:00,0.0
2023-01-14 07:00:00,0.0
2023-01-14 08:00:00,1.974999999996779e-06
2023-01-14 09:00:00,0.0
2023-01-14 10:00:00,6.152777777761958e-07
2023-01-14 11:00:00,0.0
2023-01-14 12:00:00,0.0
2023-01-14 13:00:00,0.0
2023-01-14 14:00:00,0.0
2023-01-14 15:00:00,0.0
2023-01-14 16:00:00,0.0
2023-01-14 17:00:00,1.638888888887734e-05
2023-01-14 18:00:00,0.0
2023-01-14 19:00:00,2.8079166666658613e-05
2023-01-14 20:00:00,0.00027695555555550623
2023-01-14 21:00:00,0.0
2023-01-14 22:00:00,3.724374999999015e-05
2023-01-14 23:00:00,7.67306088404625e-07
2023-01-15 00:00:00,0.0
2023-01-15 01:00:00,0.0
2023-01-15 02:00:00,0.00012930833333332103
2023-01-15 03:00:00,0.006153773611110644
2023-01-15 04:00:00,0.0
2023-01-15 05:00:00,0.0
2023-01-15 06:00:00,0.0
2023-01-15 07:00:00,0.0
2023-01-15 08:00:00,0.0
2023-01-15 09:00:00,0.0
2023-01-15 10:00:00,0.0002841180555555114
2023-01-15 11:00:00,0.0
2023-01-15 12:00:00,0.0
2023-01-15 13:00:00,0.0
2023-01-15 14:00:00,0.0
2023-01-15 15:00:00,0.0
2023-01-15 16:00:00,0.0
2023-01-15 17:00:00,0.0
2023-01-15 18:00:00,0.0
2023-01-15 19:00:00,0.0
2023-01-15 20:00:00,0.0
2023-01-15 21:00:00,0.0
2023-01-15 22:00:00,5.710416666663399e-06
2023-01-15 23:00:00,0.00016084657557116354
2023-01-16 00:00:00,1.4166666666673124e-07
2023-01-16 01:00:00,0.0
2023-01-16 02:00:00,0.0
2023-01-16 03:00:00,5.555555555547542e-07
2023-01-16 04:00:00,0.0
2023-01-16 05:00:00,0.0
2023-01-16 06:00:00,0.00014506944444441424
2023-01-16 07:00:00,0.0017187965277776528
2023-01-16 08:00:00,0.015932702777777214
2023-01-16 09:00:00,0.0
2023-01-16 10:00:00,0.0
2023-01-16 11:00:00,0.0
2023-01-16 12:00:00,0.0
2023-01-16 13:00:00,0.0
2023-01-16 14:00:00,1.2165277777772173e-05
2023-01-16 15:00:00,0.0
2023-01-16 16:00:00,0.0
2023-01-16 17:00:00,0.0
2023-01-16 18:00:00,2.523611111106858e-06
2023-01-16 19:00:00,2.0861111111061506e-06
2023-01-16 20:00:00,0.0
2023-01-16 21:00:00,0.0
2023-01-16 22:00:00,0.0
2023-01-16 23:00:00,0.0
2023-01-17 00:00:00,0.0015286187499999172
2023-01-17 01:00:00,0.002475874305555342
2023-01-17 02:00:00,0.0003099909722221941
2023-01-17 03:00:00,0.0
2023-01-17 04:00:00,0.0
2023-01-17 05:00:00,0.0
2023-01-17 06:00:00,0.0
2023-01-17 07:00:00,0.0005357541666665578
2023-01-17 08:00:00,0.0
2023-01-17 09:00:00,0.0
2023-01-17 10:00:00,0.0
2023-01-17 11:00:00,0.0005252291666665689
2023-01-17 12:00:00,2.111874999999319e-05
2023-01-17 13:00:00,0.0
2023-01-17 14:00:00,0.0
2023-01-17 15:00:00,0.0
2023-01-17 16:00:00,1.9423611111088788e-06
2023-01-17 17:00:00,0.0
2023-01-17 18:00:00,3.110972222221342e-05
2023-01-17 19:00:00,0.0
2023-01-17 20:00:00,0.0
2023-01-17 21:00:00,1.5466666666660916e-05
2023-01-17 22:00:00,0.0011555798611110014
2023-01-17 23:00:00,0.0017565885206142684
2023-01-18 00:00:00,0.00021100416666664353
2023-01-18 01:00:00,0.0
2023-01-18 02:00:00,0.0
2023-01-18 03:00:00,0.0
2023-01-18 04:00:00,0.0
2023-01-18 05:00:00,0.0
2023-01-18 06:00:00,1.5486111111103144e-05
2023-01-18 07:00:00,0.0011793993055554135
2023-01-18 08:00:00,0.0
2023-01-18 09:00:00,0.0
2023-01-18 10:00:00,0.0
2023-01-18 11:00:00,0.00023670972222216886
2023-01-18 12:00:00,0.0
2023-01-18 13:00:00,0.0
2023-01-18 14:00:00,0.0
2023-01-18 15:00:00,0.00025973194444442845
2023-01-18 16:00:00,0.0004778583333332974
2023-01-18 17:00:00,0.0
2023-01-18 18:00:00,0.0
2023-01-18 19:00:00,0.0
2023-01-18 20:00:00,2.928541666665859e-05
2023-01-18 21:00:00,6.511597222221611e-05
2023-01-18 22:00:00,0.0019041243055554031
2023-01-18 23:00:00,3.008741599976201e-05
2023-01-19 00:00:00,0.0010099027777776754
2023-01-19 01:00:00,0.0
2023-01-19 02:00:00,0.0
2023-01-19 03:00:00,0.000145884027777755
2023-01-19 04:00:00,0.0
2023-01-19 05:00:00,0.0013501388888887322
2023-01-19 06:00:00,0.0
2023-01-19 07:00:00,0.0016271854166665025
2023-01-19 08:00:00,0.0
2023-01-19 09:00:00,0.0
2023-01-19 10:00:00,0.0
2023-01-19 11:00:00,0.0
2023-01-19 12:00:00,0.0
2023-01-19 13:00:00,0.0
2023-01-19 14:00:00,4.407291666664796e-05
2023-01-19 15:00:00,0.0
2023-01-19 16:00:00,0.0
2023-01-19 17:00:00,0.0
2023-01-19 18:00:00,0.0
2023-01-19 19:00:00,0.0
2023-01-19 20:00:00,0.0
2023-01-19 21:00:00,0.0
2023-01-19 22:00:00,0.0
2023-01-19 23:00:00,0.0
2023-01-20 00:00:00,0.0
2023-01-20 01:00:00,0.009510946527777177
2023-01-20 02:00:00,0.0
2023-01-20 03:00:00,0.0
2023-01-20 04:00:00,0.0
2023-01-20 05:00:00,0.0
2023-01-20 06:00:00,0.0
2023-01-20 07:00:00,5.240069444442824e-05
2023-01-20 08:00:00,2.12416666666594e-05
2023-01-20 09:00:00,0.0
2023-01-20 10:00:00,0.0
2023-01-20 11:00:00,0.0
2023-01-20 12:00:00,0.0
2023-01-20 13:00:00,0.0
2023-01-20 14:00:00,3.922152777776806e-05
2023-01-20 15:00:00,0.0
2023-01-20 16:00:00,0.0003012930555554884
2023-01-20 17:00:00,6.826388888886401e-05
2023-01-20 18:00:00,1.3333333333326437e-05
2023-01-20 19:00:00,0.0
2023-01-20 20:00:00,4.5926388888881676e-05
2023-01-20 21:00:00,0.0
2023-01-20 22:00:00,0.0
2023-01-20 23:00:00,0.0
2023-01-21 00:00:00,0.0
2023-01-21 01:00:00,0.00010517708333330717
2023-01-21 02:00:00,0.0003362104166665543
2023-01-21 03:00:00,0.0
2023-01-21 04:00:00,0.0
2023-01-21 05:00:00,0.0
2023-01-21 06:00:00,0.0
2023-01-21 07:00:00,0.0
2023-01-21 08:00:00,0.0
2023-01-21 09:00:00,0.0
2023-01-21 10:00:00,5.649930555554307e-05
2023-01-21 11:00:00,0.0
2023-01-21 12:00:00,0.00010511805555553335
2023-01-21 13:00:00,0.0
2023-01-21 14:00:00,0.0
2023-01-21 15:00:00,0.0
2023-01-21 16:00:00,0.0
2023-01-21 17:00:00,0.0
2023-01-21 18:00:00,0.0
2023-01-21 19:00:00,0.0
2023-01-21 20:00:00,0.0
2023-01-21 21:00:00,5.881597222220296e-05
2023-01-21 22:00:00,0.0
2023-01-21 23:00:00,1.728097770105587e-05
2023-01-22 00:00:00,0.00011756319444441962
2023-01-22 01:00:00,0.011615442361110636
2023-01-22 02:00:00,0.0
2023-01-22 03:00:00,0.0009827909722220913
2023-01-22 04:00:00,3.924722222221523e-05
2023-01-22 05:00:00,0.0
2023-01-22 06:00:00,4.4861111111060836e-06
2023-01-22 07:00:00,0.0
2023-01-22 08:00:00,0.0
2023-01-22 09:00:00,0.0
2023-01-22 10:00:00,0.0
2023-01-22 11:00:00,0.0
2023-01-22 12:00:00,0.0
2023-01-22 13:00:00,0.0
2023-01-22 14:00:00,0.0
2023-01-22 15:00:00,0.0
2023-01-22 16:00:00,0.0
2023-01-22 17:00:00,0.0
2023-01-22 18:00:00,0.0
2023-01-22 19:00:00,0.0
2023-01-22 20:00:00,0.0
2023-01-22 21:00:00,0.0
2023-01-22 22:00:00,0.0
2023-01-22 23:00:00,0.0
2023-01-23 00:00:00,0.0
2023-01-23 01:00:00,0.0
2023-01-23 02:00:00,0.0
2023-01-23 03:00:00,4.527777777769199e-07
2023-01-23 04:00:00,0.001086787499999793
2023-01-23 05:00:00,0.0
2023-01-23 06:00:00,0.0
2023-01-23 07:00:00,0.00044600833333328536
2023-01-23 08:00:00,0.0
2023-01-23 09:00:00,0.0
2023-01-23 10:00:00,0.0
2023-01-23 11:00:00,0.0
2023-01-23 12:00:00,0.0
2023-01-23 13:00:00,0.00025595972222217583
2023-01-23 14:00:00,0.0
2023-01-23 15:00:00,0.0
2023-01-23 16:00:00,0.0
2023-01-23 17:00:00,0.0005409722222221313
2023-01-23 18:00:00,0.0
2023-01-23 19:00:00,0.0
2023-01-23 20:00:00,0.0
2023-01-23 21:00:00,0.0
2023-01-23 22:00:00,0.0
2023-01-23 23:00:00,5.8866097024585e-07
2023-01-24 00:00:00,0.00012401111111108668
2023-01-24 01:00:00,0.0
2023-01-24 02:00:00,0.0006845618055554809
2023-01-24 03:00:00,5.903541666665291e-05
2023-01-24 04:00:00,0.0
2023-01-24 05:00:00,0.0
2023-01-24 06:00:00,1.6395833333312146e-06
2023-01-24 07:00:00,0.00017199722222218167
2023-01-24 08:00:00,0.0
2023-01-24 09:00:00,0.0
2023-01-24 10:00:00,0.0
2023-01-24 11:00:00,0.0
2023-01-24 12:00:00,0.0
2023-01-24 13:00:00,0.0
2023-01-24 14:00:00,0.0
2023-01-24 15:00:00,0.0
2023-01-24 16:00:00,0.0
2023-01-24 17:00:00,0.0
2023-01-24 18:00:00,0.0
2023-01-24 19:00:00,0.0
2023-01-24 20:00:00,0.00039995277777774783
2023-01-24 21:00:00,0.0005342430555555177
2023-01-24 22:00:00,0.004421891666666458
2023-01-24 23:00:00,0.00020210229341095803
2023-01-25 00:00:00,0.0
2023-01-25 01:00:00,0.00012456944444442453
2023-01-25 02:00:00,0.0
2023-01-25 03:00:00,0.0
2023-01-25 04:00:00,0.0
2023-01-25 05:00:00,0.0
2023-01-25 06:00:00,0.0
2023-01-25 07:00:00,0.0004232548611110396
2023-01-25 08:00:00,4.1341666666654894e-05
2023-01-25 09:00:00,0.0
2023-01-25 10:00:00,0.0
2023-01-25 11:00:00,6.069930555554591e-05
2023-01-25 12:00:00,0.0
2023-01-25 13:00:00,0.0
2023-01-25 14:00:00,0.0
2023-01-25 15:00:00,0.0
2023-01-25 16:00:00,0.0
2023-01-25 17:00:00,0.0
2023-01-25 18:00:00,0.0
2023-01-25 19:00:00,0.002194561805555378
2023-01-25 20:00:00,0.004466121527777487
2023-01-25 21:00:00,0.0
2023-01-25 22:00:00,2.0513888888857363e-06
2023-01-25 23:00:00,0.0
2023-01-26 00:00:00,0.0035863347222219234
2023-01-26 01:00:00,0.0
2023-01-26 02:00:00,0.00033694652777773777
2023-01-26 03:00:00,0.0
2023-01-26 04:00:00,0.0
2023-01-26 05:00:00,0.0
2023-01-26 06:00:00,0.0
2023-01-26 07:00:00,0.00020586180555549937
2023-01-26 08:00:00,0.0003677722222221568
2023-01-26 09:00:00,0.0
2023-01-26 10:00:00,0.0
2023-01-26 11:00:00,0.0
2023-01-26 12:00:00,0.0
2023-01-26 13:00:00,0.0
2023-01-26 14:00:00,0.0003690923611110936
2023-01-26 15:00:00,0.0011887986111110394
2023-01-26 16:00:00,0.0
2023-01-26 17:00:00,0.00012445069444442928
2023-01-26 18:00:00,0.0
2023-01-26 19:00:00,0.00012564791666664022
2023-01-26 20:00:00,0.0
2023-01-26 21:00:00,0.00018184305555551825
2023-01-26 22:00:00,0.002266615277777553
2023-01-26 23:00:00,0.001215020716311516
2023-01-27 00:00:00,0.0
2023-01-27 01:00:00,0.0
2023-01-27 02:00:00,0.0
2023-01-27 03:00:00,0.0
2023-01-27 04:00:00,0.005835797916665996
2023-01-27 05:00:00,0.0
2023-01-27 06:00:00,0.0
2023-01-27 07:00:00,0.0011974708333332132
2023-01-27 08:00:00,0.0
2023-01-27 09:00:00,0.0
2023-01-27 10:00:00,0.0
2023-01-27 11:00:00,0.0
2023-01-27 12:00:00,0.0
2023-01-27 13:00:00,0.0
2023-01-27 14:00:00,0.002419066666666379
2023-01-27 15:00:00,0.0
2023-01-27 16:00:00,0.0
2023-01-27 17:00:00,0.0
2023-01-27 18:00:00,0.0
2023-01-27 19:00:00,0.0
2023-01-27 20:00:00,0.0
2023-01-27 21:00:00,0.0
2023-01-27 22:00:00,0.000885181944444372
2023-01-27 23:00:00,0.0
2023-01-28 00:00:00,0.0
2023-01-28 01:00:00,0.007549808333332741
2023-01-28 02:00:00,0.0
2023-01-28 03:00:00,0.0
2023-01-28 04:00:00,0.00044129097222216757
2023-01-28 05:00:00,0.004629374999999568
2023-01-28 06:00:00,0.0
2023-01-28 07:00:00,0.0
2023-01-28 08:00:00,0.0
2023-01-28 09:00:00,0.0
2023-01-28 10:00:00,0.0
2023-01-28 11:00:00,0.0
2023-01-28 12:00:00,0.0
2023-01-28 13:00:00,0.0
2023-01-28 14:00:00,0.0
2023-01-28 15:00:00,0.0
2023-01-28 16:00:00,0.0
2023-01-28 17:00:00,0.0
2023-01-28 18:00:00,9.026388888884678e-06
2023-01-28 19:00:00,0.0
2023-01-28 20:00:00,0.0
2023-01-28 21:00:00,0.0
2023-01-28 22:00:00,0.0
2023-01-28 23:00:00,0.00025419704461013954
2023-01-29 00:00:00,0.0
2023-01-29 01:00:00,0.0
2023-01-29 02:00:00,3.987361111110064e-05
2023-01-29 03:00:00,0.00047867499999991984
2023-01-29 04:00:00,0.0
2023-01-29 05:00:00,7.291666666663785e-05
2023-01-29 06:00:00,0.0
2023-01-29 07:00:00,0.0
2023-01-29 08:00:00,0.0
2023-01-29 09:00:00,0.0
2023-01-29 10:00:00,0.0
2023-01-29 11:00:00,0.0
2023-01-29 12:00:00,0.009104513194443886
2023-01-29 13:00:00,0.0051945840277774534
2023-01-29 14:00:00,0.0
2023-01-29 15:00:00,0.0
2023-01-29 16:00:00,0.0
2023-01-29 17:00:00,8.333333333313912e-07
2023-01-29 18:00:00,0.0
2023-01-29 19:00:00,0.0
2023-01-29 20:00:00,2.0517361111099438e-05
2023-01-29 21:00:00,0.0002219798611110788
2023-01-29 22:00:00,0.0
2023-01-29 23:00:00,0.0
2023-01-30 00:00:00,0.0
2023-01-30 01:00:00,0.0004321222222222016
2023-01-30 02:00:00,0.004071128472221796
2023-01-30 03:00:00,0.004339027083333121
2023-01-30 04:00:00,0.0004052229166665579
2023-01-30 05:00:00,0.005287311805555095
2023-01-30 06:00:00,0.0
2023-01-30 07:00:00,1.1530555555551281e-05
2023-01-30 08:00:00,0.0001788763888888583
2023-01-30 09:00:00,9.913194444439968e-06
2023-01-30 10:00:00,0.0
2023-01-30 11:00:00,0.0002368374999999803
2023-01-30 12:00:00,0.0
2023-01-30 13:00:00,0.0
2023-01-30 14:00:00,0.0
2023-01-30 15:00:00,4.2799305555545094e-05
2023-01-30 16:00:00,0.0
2023-01-30 17:00:00,0.0
2023-01-30 18:00:00,4.848263888887101e-05
2023-01-30 19:00:00,0.0
2023-01-30 20:00:00,0.0
2023-01-30 21:00:00,0.0
2023-01-30 22:00:00,4.5743055555542946e-05
2023-01-30 23:00:00,0.0
2023-01-31 00:00:00,0.0
2023-01-31 01:00:00,0.0
2023-01-31 02:00:00,0.0
2023-01-31 03:00:00,0.0
2023-01-31 04:00:00,0.0
2023-01-31 05:00:00,0.0
2023-01-31 06:00:00,0.0
2023-01-31 07:00:00,0.0002361006944443996
2023-01-31 08:00:00,0.0
2023-01-31 09:00:00,0.00015828055555552604
2023-01-31 10:00:00,0.0028049006944441423
2023-01-31 11:00:00,0.0
2023-01-31 12:00:00,0.0
2023-01-31 13:00:00,0.0
2023-01-31 14:00:00,0.0
2023-01-31 15:00:00,7.437499999987354e-07
2023-01-31 16:00:00,0.0
2023-01-31 17:00:00,0.0012552083333332137
2023-01-31 18:00:00,0.0
2023-01-31 19:00:00,0.0
2023-01-31 20:00:00,0.0
2023-01-31 21:00:00,0.0
2023-01-31 22:00:00,0.0
2023-01-31 23:00:00,0.0
2023-02-01 00:00:00,2.6552777777762377e-05
2023-02-01 01:00:00,0.0
2023-02-01 02:00:00,0.0017864666666664957
2023-02-01 03:00:00,0.0
2023-02-01 04:00:00,0.0
2023-02-01 05:00:00,0.0
2023-02-01 06:00:00,0.0
2023-02-01 07:00:00,0.0
2023-02-01 08:00:00,0.013923520833332778
2023-02-01 09:00:00,0.0
2023-02-01 10:00:00,0.0
2023-02-01 11:00:00,0.0
2023-02-01 12:00:00,0.0
2023-02-01 13:00:00,0.00024098402777775676
2023-02-01 14:00:00,0.0
2023-02-01 15:00:00,0.0
2023-02-01 16:00:00,0.0
2023-02-01 17:00:00,0.0
2023-02-01 18:00:00,0.0
2023-02-01 19:00:00,0.0
2023-02-01 20:00:00,0.0
2023-02-01 21:00:00,0.0
2023-02-01 22:00:00,0.0
2023-02-01 23:00:00,0.0
2023-02-02 00:00:00,0.001226943749999845
2023-02-02 01:00:00,0.0
2023-02-02 02:00:00,0.0
2023-02-02 03:00:00,0.0
2023-02-02 04:00:00,0.0
2023-02-02 05:00:00,0.0
2023-02-02 06:00:00,0.0
2023-02-02 07:00:00,1.36187499999934e-05
2023-02-02 08:00:00,0.0
2023-02-02 09:00:00,0.0
2023-02-02 10:00:00,0.0
2023-02-02 11:00:00,0.0
2023-02-02 12:00:00,0.0
2023-02-02 13:00:00,0.00016372222222220184
2023-02-02 14:00:00,0.007191124999999366
2023-02-02 15:00:00,0.0
2023-02-02 16:00:00,0.00038294305555548763
2023-02-02 17:00:00,0.0
2023-02-02 18:00:00,0.0
2023-02-02 19:00:00,0.0
2023-02-02 20:00:00,0.0
2023-02-02 21:00:00,0.0003209513888888349
2023-02-02 22:00:00,0.0
2023-02-02 23:00:00,0.0
2023-02-03 00:00:00,0.0
2023-02-03 01:00:00,2.3322222222214644e-05
2023-02-03 02:00:00,0.0
2023-02-03 03:00:00,0.00034816666666660724
2023-02-03 04:00:00,0.0015400124999998437
2023-02-03 05:00:00,0.0
2023-02-03 06:00:00,0.0
2023-02-03 07:00:00,2.8412499999993637e-05
2023-02-03 08:00:00,2.2846527777768718e-05
2023-02-03 09:00:00,0.0
2023-02-03 10:00:00,4.043055555551511e-06
2023-02-03 11:00:00,0.0
2023-02-03 12:00:00,0.0
2023-02-03 13:00:00,0.0
2023-02-03 14:00:00,0.0
2023-02-03 15:00:00,0.0
2023-02-03 16:00:00,0.0
2023-02-03 17:00:00,1.0763888888802123e-07
2023-02-03 18:00:00,0.0
2023-02-03 19:00:00,0.0
2023-02-03 20:00:00,0.0
2023-02-03 21:00:00,0.0
2023-02-03 22:00:00,0.0
2023-02-03 23:00:00,0.0
2023-02-04 00:00:00,0.0
2023-02-04 01:00:00,0.0
2023-02-04 02:00:00,0.0003175736111110345
2023-02-04 03:00:00,0.0
2023-02-04 04:00:00,0.0
2023-02-04 05:00:00,0.0
2023-02-04 06:00:00,0.0
2023-02-04 07:00:00,0.0
2023-02-04 08:00:00,0.0
2023-02-04 09:00:00,8.317638888886987e-05
2023-02-04 10:00:00,0.0
2023-02-04 11:00:00,0.0
2023-02-04 12:00:00,0.0
2023-02-04 13:00:00,0.0
2023-02-04 14:00:00,1.689374999999327e-05
2023-02-04 15:00:00,0.0
2023-02-04 16:00:00,0.0
2023-02-04 17:00:00,0.0
2023-02-04 18:00:00,0.0
2023-02-04 19:00:00,0.0
2023-02-04 20:00:00,0.0
2023-02-04 21:00:00,0.0004604541666665998
2023-02-04 22:00:00,0.0
2023-02-04 23:00:00,5.916386192311734e-06
2023-02-05 00:00:00,0.0
2023-02-05 01:00:00,0.0
2023-02-05 02:00:00,7.776388888883644e-06
2023-02-05 03:00:00,0.0
2023-02-05 04:00:00,0.0
2023-02-05 05:00:00,0.00010215277777771636
2023-02-05 06:00:00,0.0
2023-02-05 07:00:00,0.0
2023-02-05 08:00:00,0.0
2023-02-05 09:00:00,0.0
2023-02-05 10:00:00,7.354305555551437e-05
2023-02-05 11:00:00,0.0
2023-02-05 12:00:00,0.0
2023-02-05 13:00:00,6.484027777773349e-06
2023-02-05 14:00:00,0.0
2023-02-05 15:00:00,0.0
2023-02-05 16:00:00,0.0
2023-02-05 17:00:00,0.0
2023-02-05 18:00:00,0.0
2023-02-05 19:00:00,0.0
2023-02-05 20:00:00,1.1448611111102538e-05
2023-02-05 21:00:00,1.3736805555549915e-05
2023-02-05 22:00:00,5.234374999998595e-05
2023-02-05 23:00:00,1.2879862095784228e-06
2023-02-06 00:00:00,0.0
2023-02-06 01:00:00,0.0
2023-02-06 02:00:00,0.0
2023-02-06 03:00:00,0.0
2023-02-06 04:00:00,0.0
2023-02-06 05:00:00,4.166666666656956e-07
2023-02-06 06:00:00,0.0
2023-02-06 07:00:00,0.010930434722221535
2023-02-06 08:00:00,0.00014347708333330495
2023-02-06 09:00:00,1.7945833333326493e-05
2023-02-06 10:00:00,4.955416666664448e-05
2023-02-06 11:00:00,0.0
2023-02-06 12:00:00,4.718611111109766e-05
2023-02-06 13:00:00,4.5868055555548574e-05
2023-02-06 14:00:00,0.0
2023-02-06 15:00:00,0.0
2023-02-06 16:00:00,0.0
2023-02-06 17:00:00,0.0
2023-02-06 18:00:00,0.0
2023-02-06 19:00:00,0.0
2023-02-06 20:00:00,0.0
2023-02-06 21:00:00,0.0
2023-02-06 22:00:00,0.0
2023-02-06 23:00:00,3.637256051103462e-05
2023-02-07 00:00:00,0.0
2023-02-07 01:00:00,0.0
2023-02-07 02:00:00,0.0
2023-02-07 03:00:00,3.680555555490233e-08
2023-02-07 04:00:00,0.0
2023-02-07 05:00:00,9.893055555550115e-06
2023-02-07 06:00:00,0.00011166458333331815
2023-02-07 07:00:00,0.0057734833333329336
2023-02-07 08:00:00,0.0
2023-02-07 09:00:00,0.0
2023-02-07 10:00:00,0.0
2023-02-07 11:00:00,0.0
2023-02-07 12:00:00,0.0
2023-02-07 13:00:00,0.0
2023-02-07 14:00:00,0.0
2023-02-07 15:00:00,0.00401584583333305
2023-02-07 16:00:00,0.012382986111110168
2023-02-07 17:00:00,0.03274645833333219
2023-02-07 18:00:00,0.00047159722222217266
2023-02-07 19:00:00,0.00021650138888887522
2023-02-07 20:00:00,0.0
2023-02-07 21:00:00,0.0
2023-02-07 22:00:00,0.0
2023-02-07 23:00:00,0.0
2023-02-08 00:00:00,0.0004873069444444219
2023-02-08 01:00:00,0.0035318868055552446
2023-02-08 02:00:00,0.0
2023-02-08 03:00:00,0.0
2023-02-08 04:00:00,0.0
2023-02-08 05:00:00,0.0
2023-02-08 06:00:00,0.0
2023-02-08 07:00:00,9.305555555548672e-08
2023-02-08 08:00:00,0.0
2023-02-08 09:00:00,0.0
2023-02-08 10:00:00,0.0006181944444443922
2023-02-08 11:00:00,0.0
2023-02-08 12:00:00,0.0001689611111110878
2023-02-08 13:00:00,0.00011670902777775766
2023-02-08 14:00:00,0.0
2023-02-08 15:00:00,3.508402777776828e-05
2023-02-08 16:00:00,0.0011992861111109457
2023-02-08 17:00:00,8.784722222220746e-05
2023-02-08 18:00:00,1.3084722222215857e-05
2023-02-08 19:00:00,0.0006376312499999519
2023-02-08 20:00:00,0.0
2023-02-08 21:00:00,0.0
2023-02-08 22:00:00,0.0
2023-02-08 23:00:00,0.00046413091890984464
2023-02-09 00:00:00,0.0
2023-02-09 01:00:00,5.6566666666647925e-05
2023-02-09 02:00:00,0.0
2023-02-09 03:00:00,0.0008781263888888373
2023-02-09 04:00:00,0.0
2023-02-09 05:00:00,0.0
2023-02-09 06:00:00,0.0
2023-02-09 07:00:00,0.006192738888888494
2023-02-09 08:00:00,0.000407806944444396
2023-02-09 09:00:00,0.0
2023-02-09 10:00:00,0.0
2023-02-09 11:00:00,0.0
2023-02-09 12:00:00,0.0
2023-02-09 13:00:00,0.0
2023-02-09 14:00:00,4.213888888885779e-06
2023-02-09 15:00:00,0.0
2023-02-09 16:00:00,0.0
2023-02-09 17:00:00,0.000255555555555518
2023-02-09 18:00:00,0.0
2023-02-09 19:00:00,0.0
2023-02-09 20:00:00,0.0005522548611110779
2023-02-09 21:00:00,0.0
2023-02-09 22:00:00,0.0
2023-02-09 23:00:00,4.129702804985516e-05
2023-02-10 00:00:00,0.0
2023-02-10 01:00:00,0.0013926333333331414
2023-02-10 02:00:00,0.0015646881944443175
2023-02-10 03:00:00,0.0008820791666665315
2023-02-10 04:00:00,0.0
2023-02-10 05:00:00,0.0
2023-02-10 06:00:00,0.0
2023-02-10 07:00:00,0.0002399222222221849
2023-02-10 08:00:00,8.489791666664835e-05
2023-02-10 09:00:00,0.0
2023-02-10 10:00:00,0.0
2023-02-10 11:00:00,0.0
2023-02-10 12:00:00,0.0
2023-02-10 13:00:00,0.0002766951388888625
2023-02-10 14:00:00,0.01020122152777732
2023-02-10 15:00:00,0.0
2023-02-10 16:00:00,9.999999999966825e-08
2023-02-10 17:00:00,0.0001734722222221895
2023-02-10 18:00:00,0.0
2023-02-10 19:00:00,0.0
2023-02-10 20:00:00,0.0
2023-02-10 21:00:00,0.0
2023-02-10 22:00:00,0.0
2023-02-10 23:00:00,0.00012341141776094528
2023-02-11 00:00:00,0.0
2023-02-11 01:00:00,0.0
2023-02-11 02:00:00,0.0
2023-02-11 03:00:00,0.0
2023-02-11 04:00:00,0.0
2023-02-11 05:00:00,0.0
2023-02-11 06:00:00,0.0
2023-02-11 07:00:00,0.0
2023-02-11 08:00:00,0.0
2023-02-11 09:00:00,0.0
2023-02-11 10:00:00,9.811041666663318e-05
2023-02-11 11:00:00,0.0
2023-02-11 12:00:00,0.0
2023-02-11 13:00:00,0.0
2023-02-11 14:00:00,0.000687520833333254
2023-02-11 15:00:00,0.0
2023-02-11 16:00:00,0.0
2023-02-11 17:00:00,0.0
2023-02-11 18:00:00,0.0
2023-02-11 19:00:00,0.0
2023-02-11 20:00:00,8.978958333331979e-05
2023-02-11 21:00:00,0.0
2023-02-11 22:00:00,0.002115195833333091
2023-02-11 23:00:00,0.0
2023-02-12 00:00:00,0.000266994444444413
2023-02-12 01:00:00,0.0
2023-02-12 02:00:00,0.003859465972221904
2023-02-12 03:00:00,0.00015552638888885017
2023-02-12 04:00:00,0.0014371708333331705
2023-02-12 05:00:00,0.0
2023-02-12 06:00:00,0.0
2023-02-12 07:00:00,0.0
2023-02-12 08:00:00,0.0
2023-02-12 09:00:00,0.0
2023-02-12 10:00:00,6.354583333332177e-05
2023-02-12 11:00:00,0.0
2023-02-12 12:00:00,0.0
2023-02-12 13:00:00,0.0
2023-02-12 14:00:00,0.0
2023-02-12 15:00:00,0.0
2023-02-12 16:00:00,0.0
2023-02-12 17:00:00,0.0
2023-02-12 18:00:00,0.0
2023-02-12 19:00:00,0.0
2023-02-12 20:00:00,0.0
2023-02-12 21:00:00,0.0005099222222221996
2023-02-12 22:00:00,0.0
2023-02-12 23:00:00,3.5824434061952845e-05
2023-02-13 00:00:00,0.0
2023-02-13 01:00:00,0.0
2023-02-13 02:00:00,0.0
2023-02-13 03:00:00,0.0
2023-02-13 04:00:00,0.0
2023-02-13 05:00:00,0.0
2023-02-13 06:00:00,0.00020868888888886852
2023-02-13 07:00:00,9.038472222220318e-05
2023-02-13 08:00:00,5.970347222221179e-05
2023-02-13 09:00:00,0.0
2023-02-13 10:00:00,5.625000000009095e-08
2023-02-13 11:00:00,0.0
2023-02-13 12:00:00,0.0
2023-02-13 13:00:00,0.0003378749999999463
2023-02-13 14:00:00,5.555555555542608e-08
2023-02-13 15:00:00,5.256249999996657e-06
2023-02-13 16:00:00,2.6854166666634426e-06
2023-02-13 17:00:00,0.0004215277777776737
2023-02-13 18:00:00,0.0
2023-02-13 19:00:00,0.0
2023-02-13 20:00:00,0.0
2023-02-13 21:00:00,0.0006946951388887548
2023-02-13 22:00:00,0.0
2023-02-13 23:00:00,0.0
2023-02-14 00:00:00,0.0
2023-02-14 01:00:00,0.0
2023-02-14 02:00:00,0.0
2023-02-14 03:00:00,0.0
2023-02-14 04:00:00,0.0
2023-02-14 05:00:00,0.00010840277777771511
2023-02-14 06:00:00,7.544930555554262e-05
2023-02-14 07:00:00,0.0003190541666666228
2023-02-14 08:00:00,0.0
2023-02-14 09:00:00,0.0
2023-02-14 10:00:00,0.0
2023-02-14 11:00:00,5.928958333331538e-05
2023-02-14 12:00:00,0.0
2023-02-14 13:00:00,0.00014314583333331675
2023-02-14 14:00:00,0.0
2023-02-14 15:00:00,0.0
2023-02-14 16:00:00,0.00010192291666665563
2023-02-14 17:00:00,3.534722222221435e-05
2023-02-14 18:00:00,0.0
2023-02-14 19:00:00,0.0
2023-02-14 20:00:00,0.0005976499999999775
2023-02-14 21:00:00,3.224305555552655e-06
2023-02-14 22:00:00,0.0
2023-02-14 23:00:00,0.0
2023-02-15 00:00:00,0.0
2023-02-15 01:00:00,0.00039425902777772185
2023-02-15 02:00:00,0.0003486055555554524
2023-02-15 03:00:00,3.2991666666656195e-05
2023-02-15 04:00:00,0.0
2023-02-15 05:00:00,6.249999999985434e-07
2023-02-15 06:00:00,0.0
2023-02-15 07:00:00,0.0
2023-02-15 08:00:00,0.0
2023-02-15 09:00:00,0.0
2023-02-15 10:00:00,0.0
2023-02-15 11:00:00,0.0
2023-02-15 12:00:00,0.0
2023-02-15 13:00:00,0.0
2023-02-15 14:00:00,0.0
2023-02-15 15:00:00,0.0
2023-02-15 16:00:00,1.4062499999978327e-06
2023-02-15 17:00:00,0.0
2023-02-15 18:00:00,0.0
2023-02-15 19:00:00,0.00013354513888886988
2023-02-15 20:00:00,7.265972222214836e-06
2023-02-15 21:00:00,0.0018123541666664547
2023-02-15 22:00:00,0.0007245555555555233
2023-02-15 23:00:00,0.0
2023-02-16 00:00:00,0.00020551597222216877
2023-02-16 01:00:00,8.052361111108791e-05
2023-02-16 02:00:00,0.008913641666666174
2023-02-16 03:00:00,0.0
2023-02-16 04:00:00,0.0
2023-02-16 05:00:00,1.2499999999992579e-05
2023-02-16 06:00:00,0.0
2023-02-16 07:00:00,1.648541666665615e-05
2023-02-16 08:00:00,0.0
2023-02-16 09:00:00,0.0
2023-02-16 10:00:00,0.0
2023-02-16 11:00:00,0.00018107361111109556
2023-02-16 12:00:00,0.0
2023-02-16 13:00:00,0.0
2023-02-16 14:00:00,0.0
2023-02-16 15:00:00,3.7777777777739076e-06
2023-02-16 16:00:00,0.0
2023-02-16 17:00:00,0.0
2023-02-16 18:00:00,0.0
2023-02-16 19:00:00,0.00025305694444442505
2023-02-16 20:00:00,5.993055555538381e-07
2023-02-16 21:00:00,0.0
2023-02-16 22:00:00,7.160416666662783e-06
2023-02-16 23:00:00,0.001364509779372793
2023-02-17 00:00:00,0.00043408611111105707
2023-02-17 01:00:00,5.586111111103421e-06
2023-02-17 02:00:00,7.92520833333225e-05
2023-02-17 03:00:00,1.8472222222164368e-07
2023-02-17 04:00:00,0.0
2023-02-17 05:00:00,0.00010201388888887023
2023-02-17 06:00:00,5.4298611111095836e-06
2023-02-17 07:00:00,0.0
2023-02-17 08:00:00,0.0
2023-02-17 09:00:00,0.0
2023-02-17 10:00:00,0.0
2023-02-17 11:00:00,0.0
2023-02-17 12:00:00,0.0003719874999999541
2023-02-17 13:00:00,0.0
2023-02-17 14:00:00,0.0
2023-02-17 15:00:00,4.128055555554609e-05
2023-02-17 16:00:00,0.0033068451388885266
2023-02-17 17:00:00,0.023908263888888122
2023-02-17 18:00:00,0.0027535986111108684
2023-02-17 19:00:00,0.0019209284722220658
2023-02-17 20:00:00,0.0021564076388887947
2023-02-17 21:00:00,0.0
2023-02-17 22:00:00,0.0
2023-02-17 23:00:00,0.0
2023-02-18 00:00:00,4.576388888880937e-07
2023-02-18 01:00:00,0.0
2023-02-18 02:00:00,0.0
2023-02-18 03:00:00,0.0
2023-02-18 04:00:00,0.0
2023-02-18 05:00:00,6.332152777775324e-05
2023-02-18 06:00:00,0.0
2023-02-18 07:00:00,6.111111111077132e-08
2023-02-18 08:00:00,0.0
2023-02-18 09:00:00,0.0022238666666664314
2023-02-18 10:00:00,0.0
2023-02-18 11:00:00,0.0
2023-02-18 12:00:00,0.0
2023-02-18 13:00:00,0.0
2023-02-18 14:00:00,7.0555555555524345e-06
2023-02-18 15:00:00,2.902083333332269e-05
2023-02-18 16:00:00,2.5670138888879516e-05
2023-02-18 17:00:00,0.000718263888888752
2023-02-18 18:00:00,0.0
2023-02-18 19:00:00,0.0
2023-02-18 20:00:00,0.0
2023-02-18 21:00:00,0.0
2023-02-18 22:00:00,0.0
2023-02-18 23:00:00,0.0
2023-02-19 00:00:00,2.5927083333324596e-05
2023-02-19 01:00:00,0.0
2023-02-19 02:00:00,0.0
2023-02-19 03:00:00,1.0753472222214553e-05
2023-02-19 04:00:00,6.775763888887996e-05
2023-02-19 05:00:00,0.0001409027777777346
2023-02-19 06:00:00,0.0
2023-02-19 07:00:00,0.0
2023-02-19 08:00:00,0.0
2023-02-19 09:00:00,0.0
2023-02-19 10:00:00,0.0
2023-02-19 11:00:00,0.0
2023-02-19 12:00:00,0.0
2023-02-19 13:00:00,2.2022916666655234e-05
2023-02-19 14:00:00,0.0
2023-02-19 15:00:00,4.142083333332103e-05
2023-02-19 16:00:00,0.0
2023-02-19 17:00:00,0.016442120138888305
2023-02-19 18:00:00,0.00029812569444439673
2023-02-19 19:00:00,0.0
2023-02-19 20:00:00,0.0
2023-02-19 21:00:00,0.0
2023-02-19 22:00:00,0.0
2023-02-19 23:00:00,6.328585734883849e-08
2023-02-20 00:00:00,0.0
2023-02-20 01:00:00,0.0016989340277776704
2023-02-20 02:00:00,2.4270833333300206e-06
2023-02-20 03:00:00,0.0
2023-02-20 04:00:00,0.0018821798611109166
2023-02-20 05:00:00,0.0
2023-02-20 06:00:00,0.0
2023-02-20 07:00:00,0.0
2023-02-20 08:00:00,0.0
2023-02-20 09:00:00,0.0
2023-02-20 10:00:00,0.0
2023-02-20 11:00:00,0.0
2023-02-20 12:00:00,1.423611111110211e-05
2023-02-20 13:00:00,0.0
2023-02-20 14:00:00,0.0
2023-02-20 15:00:00,0.0
2023-02-20 16:00:00,0.0
2023-02-20 17:00:00,7.708333333331652e-05
2023-02-20 18:00:00,0.0007682930555554604
2023-02-20 19:00:00,0.0
2023-02-20 20:00:00,0.0
2023-02-20 21:00:00,0.0
2023-02-20 22:00:00,0.0009673284722221488
2023-02-20 23:00:00,0.0
2023-02-21 00:00:00,0.0
2023-02-21 01:00:00,0.0
2023-02-21 02:00:00,0.0
2023-02-21 03:00:00,0.0
2023-02-21 04:00:00,0.0
2023-02-21 05:00:00,0.0009839583333331983
2023-02-21 06:00:00,0.0
2023-02-21 07:00:00,4.7888888888852286e-06
2023-02-21 08:00:00,0.0007079034722221901
2023-02-21 09:00:00,0.0
2023-02-21 10:00:00,0.0
2023-02-21 11:00:00,0.0
2023-02-21 12:00:00,0.0
2023-02-21 13:00:00,0.0
2023-02-21 14:00:00,8.51520833333192e-05
2023-02-21 15:00:00,1.543055555555364e-06
2023-02-21 16:00:00,9.304166666659341e-06
2023-02-21 17:00:00,0.0018280395833330113
2023-02-21 18:00:00,0.0
2023-02-21 19:00:00,0.0
2023-02-21 20:00:00,0.0
2023-02-21 21:00:00,0.0
2023-02-21 22:00:00,0.0
2023-02-21 23:00:00,0.0
2023-02-22 00:00:00,0.00036753333333329024
2023-02-22 01:00:00,0.0005095534722221077
2023-02-22 02:00:00,0.0
2023-02-22 03:00:00,0.0
2023-02-22 04:00:00,0.0
2023-02-22 05:00:00,0.0
2023-02-22 06:00:00,0.0
2023-02-22 07:00:00,0.0006071777777776891
2023-02-22 08:00:00,0.0
2023-02-22 09:00:00,0.0
2023-02-22 10:00:00,0.0
2023-02-22 11:00:00,0.0
2023-02-22 12:00:00,0.0
2023-02-22 13:00:00,0.0
2023-02-22 14:00:00,0.0
2023-02-22 15:00:00,0.0
2023-02-22 16:00:00,0.0
2023-02-22 17:00:00,0.0
2023-02-22 18:00:00,1.694444444444443e-07
2023-02-22 19:00:00,0.0
2023-02-22 20:00:00,0.0
2023-02-22 21:00:00,7.756944444439443e-07
2023-02-22 22:00:00,7.144652777776144e-05
2023-02-22 23:00:00,0.0
2023-02-23 00:00:00,0.0004765847222221718
2023-02-23 01:00:00,0.0
2023-02-23 02:00:00,0.0
2023-02-23 03:00:00,0.0
2023-02-23 04:00:00,0.0
2023-02-23 05:00:00,0.0
2023-02-23 06:00:00,0.0
2023-02-23 07:00:00,9.859027777767457e-06
2023-02-23 08:00:00,0.0
2023-02-23 09:00:00,8.85638888888766e-05
2023-02-23 10:00:00,2.4877777777769042e-05
2023-02-23 11:00:00,0.0
2023-02-23 12:00:00,0.0
2023-02-23 13:00:00,4.608333333328613e-06
2023-02-23 14:00:00,9.746458333331049e-05
2023-02-23 15:00:00,0.00026054097222217876
2023-02-23 16:00:00,0.0
2023-02-23 17:00:00,0.0
2023-02-23 18:00:00,0.0
2023-02-23 19:00:00,0.0
2023-02-23 20:00:00,0.0
2023-02-23 21:00:00,0.0
2023-02-23 22:00:00,0.00015567291666664337
2023-02-23 23:00:00,0.0
2023-02-24 00:00:00,0.0
2023-02-24 01:00:00,0.0007729277777776873
2023-02-24 02:00:00,0.00012713333333328394
2023-02-24 03:00:00,0.007431452777777119
2023-02-24 04:00:00,0.0009088243055554214
2023-02-24 05:00:00,0.0
2023-02-24 06:00:00,0.0
2023-02-24 07:00:00,0.0
2023-02-24 08:00:00,0.0
2023-02-24 09:00:00,0.0
2023-02-24 10:00:00,0.0
2023-02-24 11:00:00,0.0
2023-02-24 12:00:00,0.0
2023-02-24 13:00:00,0.0
2023-02-24 14:00:00,0.0
2023-02-24 15:00:00,0.00015768333333329436
2023-02-24 16:00:00,0.0
2023-02-24 17:00:00,0.0
2023-02-24 18:00:00,0.0
2023-02-24 19:00:00,0.0
2023-02-24 20:00:00,0.0
2023-02-24 21:00:00,2.5451388888880643e-05
2023-02-24 22:00:00,0.0
2023-02-24 23:00:00,0.0022024734072174303
2023-02-25 00:00:00,0.0013454770833332423
2023-02-25 01:00:00,0.026347406249998775
2023-02-25 02:00:00,0.0029739555555552736
2023-02-25 03:00:00,0.00251323402777752
2023-02-25 04:00:00,0.0
2023-02-25 05:00:00,0.00019849027777773937
2023-02-25 06:00:00,0.0
2023-02-25 07:00:00,0.0
2023-02-25 08:00:00,0.0
2023-02-25 09:00:00,0.0
2023-02-25 10:00:00,0.0
2023-02-25 11:00:00,0.0
2023-02-25 12:00:00,0.0
2023-02-25 13:00:00,0.0
2023-02-25 14:00:00,0.0
2023-02-25 15:00:00,0.0
2023-02-25 16:00:00,5.138888888871978e-07
2023-02-25 17:00:00,0.0
2023-02-25 18:00:00,0.0
2023-02-25 19:00:00,0.0
2023-02-25 20:00:00,0.0
2023-02-25 21:00:00,0.0
2023-02-25 22:00:00,0.0
2023-02-25 23:00:00,0.0
2023-02-26 00:00:00,0.0
2023-02-26 01:00:00,3.18416666666568e-05
2023-02-26 02:00:00,0.0
2023-02-26 03:00:00,0.0
2023-02-26 04:00:00,5.762638888887e-05
2023-02-26 05:00:00,0.0
2023-02-26 06:00:00,0.0
2023-02-26 07:00:00,0.0
2023-02-26 08:00:00,0.0
2023-02-26 09:00:00,0.0
2023-02-26 10:00:00,0.0
2023-02-26 11:00:00,0.0020318930555553246
2023-02-26 12:00:00,0.0
2023-02-26 13:00:00,0.0
2023-02-26 14:00:00,0.0
2023-02-26 15:00:00,0.00634293263888845
2023-02-26 16:00:00,0.0
2023-02-26 17:00:00,8.63888888888573e-05
2023-02-26 18:00:00,0.0
2023-02-26 19:00:00,0.0
2023-02-26 20:00:00,0.0
2023-02-26 21:00:00,0.0008519951388887999
2023-02-26 22:00:00,0.0
2023-02-26 23:00:00,0.0
2023-02-27 00:00:00,0.00012779652777776323
2023-02-27 01:00:00,0.0
2023-02-27 02:00:00,1.7812499999974522e-06
2023-02-27 03:00:00,0.0
2023-02-27 04:00:00,0.0
2023-02-27 05:00:00,0.003286379861110786
2023-02-27 06:00:00,0.0
2023-02-27 07:00:00,8.126249999998385e-05
2023-02-27 08:00:00,0.0
2023-02-27 09:00:00,0.0
2023-02-27 10:00:00,0.0
2023-02-27 11:00:00,0.0
2023-02-27 12:00:00,9.634722222213732e-06
2023-02-27 13:00:00,0.00029216944444442365
2023-02-27 14:00:00,0.0
2023-02-27 15:00:00,2.705624999999391e-05
2023-02-27 16:00:00,6.738749999999251e-05
2023-02-27 17:00:00,1.8263888888873956e-05
2023-02-27 18:00:00,0.0
2023-02-27 19:00:00,4.888888888861705e-07
2023-02-27 20:00:00,1.040277777776883e-06
2023-02-27 21:00:00,9.522916666665172e-05
2023-02-27 22:00:00,0.0001323812499999841
2023-02-27 23:00:00,0.0
2023-02-28 00:00:00,0.0
2023-02-28 01:00:00,0.0
2023-02-28 02:00:00,0.005451811111110813
2023-02-28 03:00:00,0.00044536458333323796
2023-02-28 04:00:00,0.0
2023-02-28 05:00:00,9.881944444442137e-05
2023-02-28 06:00:00,0.00030076388888883185
2023-02-28 07:00:00,0.00010240069444442717
2023-02-28 08:00:00,0.0
2023-02-28 09:00:00,0.0
2023-02-28 10:00:00,0.0
2023-02-28 11:00:00,0.0
2023-02-28 12:00:00,0.0
2023-02-28 13:00:00,0.004718660416666473
2023-02-28 14:00:00,0.0
2023-02-28 15:00:00,0.0
2023-02-28 16:00:00,0.0
2023-02-28 17:00:00,0.00015430555555552948
2023-02-28 18:00:00,0.0
2023-02-28 19:00:00,0.0
2023-02-28 20:00:00,0.0
2023-02-28 21:00:00,0.0
2023-02-28 22:00:00,0.0
2023-02-28 23:00:00,0.0
2023-03-01 00:00:00,0.000690972916666561
2023-03-01 01:00:00,0.0
2023-03-01 02:00:00,0.0007341291666665661
2023-03-01 03:00:00,0.0
2023-03-01 04:00:00,0.0
2023-03-01 05:00:00,0.0
2023-03-01 06:00:00,0.00016363958333331534
2023-03-01 07:00:00,0.0
2023-03-01 08:00:00,8.690069444442579e-05
2023-03-01 09:00:00,0.0035567986111106624
2023-03-01 10:00:00,0.0
2023-03-01 11:00:00,3.1736111111019876e-07
2023-03-01 12:00:00,0.0
2023-03-01 13:00:00,0.0
2023-03-01 14:00:00,1.4757638888884076e-05
2023-03-01 15:00:00,3.125000000005053e-08
2023-03-01 16:00:00,5.60722222222074e-05
2023-03-01 17:00:00,0.00028471944444440615
2023-03-01 18:00:00,0.0
2023-03-01 19:00:00,0.0
2023-03-01 20:00:00,2.233958333332521e-05
2023-03-01 21:00:00,0.0
2023-03-01 22:00:00,0.0
2023-03-01 23:00:00,0.0
2023-03-02 00:00:00,0.0
2023-03-02 01:00:00,1.5163194444432173e-05
2023-03-02 02:00:00,0.0
2023-03-02 03:00:00,0.0
2023-03-02 04:00:00,0.0
2023-03-02 05:00:00,0.0024471527777775335
2023-03-02 06:00:00,9.507569444443556e-05
2023-03-02 07:00:00,4.0673611111068865e-06
2023-03-02 08:00:00,0.0
2023-03-02 09:00:00,0.0
2023-03-02 10:00:00,2.039513888888431e-05
2023-03-02 11:00:00,0.0
2023-03-02 12:00:00,0.0
2023-03-02 13:00:00,0.00014902638888886235
2023-03-02 14:00:00,8.707986111109505e-05
2023-03-02 15:00:00,0.0025371826388886623
2023-03-02 16:00:00,0.0008652576388888505
2023-03-02 17:00:00,0.0
2023-03-02 18:00:00,1.919166666665806e-05
2023-03-02 19:00:00,0.0003871770833332958
2023-03-02 20:00:00,0.0
2023-03-02 21:00:00,2.0914583333325373e-05
2023-03-02 22:00:00,0.0
2023-03-02 23:00:00,0.00033758203103270517
2023-03-03 00:00:00,0.00029469652777775135
2023-03-03 01:00:00,0.0
2023-03-03 02:00:00,0.0
2023-03-03 03:00:00,0.0
2023-03-03 04:00:00,0.000912437499999918
2023-03-03 05:00:00,0.0005604111111110032
2023-03-03 06:00:00,0.0005815972222221546
2023-03-03 07:00:00,0.002149676388888667
2023-03-03 08:00:00,0.00042381736111107106
2023-03-03 09:00:00,1.988263888888052e-05
2023-03-03 10:00:00,0.0
2023-03-03 11:00:00,0.0
2023-03-03 12:00:00,0.0
2023-03-03 13:00:00,0.0007812409722221774
2023-03-03 14:00:00,0.0
2023-03-03 15:00:00,0.000461403472222167
2023-03-03 16:00:00,0.0010276993055554735
2023-03-03 17:00:00,8.520833333331732e-05
2023-03-03 18:00:00,0.0004414187499999568
2023-03-03 19:00:00,0.0
2023-03-03 20:00:00,0.0
2023-03-03 21:00:00,0.0005117763888888646
2023-03-03 22:00:00,0.0018998388888887385
2023-03-03 23:00:00,0.0
2023-03-04 00:00:00,0.00011911805555553181
2023-03-04 01:00:00,0.0
2023-03-04 02:00:00,0.00013048958333332936
2023-03-04 03:00:00,0.0012818215277777159
2023-03-04 04:00:00,0.0005913916666665924
2023-03-04 05:00:00,0.0
2023-03-04 06:00:00,0.0
2023-03-04 07:00:00,0.0
2023-03-04 08:00:00,0.0
2023-03-04 09:00:00,0.0002349923611110717
2023-03-04 10:00:00,1.1673611111100928e-06
2023-03-04 11:00:00,0.0
2023-03-04 12:00:00,0.0
2023-03-04 13:00:00,0.0011041409722221862
2023-03-04 14:00:00,0.00017328819444441547
2023-03-04 15:00:00,0.0
2023-03-04 16:00:00,0.0
2023-03-04 17:00:00,0.0
2023-03-04 18:00:00,0.0005451493055554973
2023-03-04 19:00:00,5.606874999999197e-05
2023-03-04 20:00:00,0.0
2023-03-04 21:00:00,0.0
2023-03-04 22:00:00,0.0
2023-03-04 23:00:00,0.0
2023-03-05 00:00:00,0.0
2023-03-05 01:00:00,0.0
2023-03-05 02:00:00,0.0
2023-03-05 03:00:00,0.0
2023-03-05 04:00:00,0.0
2023-03-05 05:00:00,0.0002428472222221709
2023-03-05 06:00:00,0.0
2023-03-05 07:00:00,0.0
2023-03-05 08:00:00,0.0
2023-03-05 09:00:00,0.0
2023-03-05 10:00:00,0.0
2023-03-05 11:00:00,0.0
2023-03-05 12:00:00,0.0
2023-03-05 13:00:00,0.0
2023-03-05 14:00:00,2.222222222217043e-07
2023-03-05 15:00:00,0.0011333847222221082
2023-03-05 16:00:00,0.00012100069444440889
2023-03-05 17:00:00,7.236111111108211e-05
2023-03-05 18:00:00,0.0
2023-03-05 19:00:00,0.0
2023-03-05 20:00:00,0.0
2023-03-05 21:00:00,0.0
2023-03-05 22:00:00,0.0033554374999996603
2023-03-05 23:00:00,0.0
2023-03-06 00:00:00,0.0
2023-03-06 01:00:00,0.0
2023-03-06 02:00:00,3.2569444444395677e-06
2023-03-06 03:00:00,2.72819444444345e-05
2023-03-06 04:00:00,1.9231249999993593e-05
2023-03-06 05:00:00,0.0
2023-03-06 06:00:00,0.0
2023-03-06 07:00:00,0.0015323312499998121
2023-03-06 08:00:00,0.0
2023-03-06 09:00:00,0.0
2023-03-06 10:00:00,0.0
2023-03-06 11:00:00,0.0
2023-03-06 12:00:00,0.0
2023-03-06 13:00:00,0.0
2023-03-06 14:00:00,0.0
2023-03-06 15:00:00,0.0
2023-03-06 16:00:00,0.0
2023-03-06 17:00:00,6.319444444443285e-05
2023-03-06 18:00:00,0.00033224791666661206
2023-03-06 19:00:00,0.0
2023-03-06 20:00:00,0.0
2023-03-06 21:00:00,2.587499999996289e-06
2023-03-06 22:00:00,0.0
2023-03-06 23:00:00,0.0
2023-03-07 00:00:00,2.3181944444434775e-05
2023-03-07 01:00:00,0.00015721041666664338
2023-03-07 02:00:00,0.00025985624999995535
2023-03-07 03:00:00,5.604166666644478e-07
2023-03-07 04:00:00,0.0
2023-03-07 05:00:00,0.0
2023-03-07 06:00:00,0.00010991736111109694
2023-03-07 07:00:00,0.003511526388888601
2023-03-07 08:00:00,4.291666666665497e-05
2023-03-07 09:00:00,0.0
2023-03-07 10:00:00,0.0
2023-03-07 11:00:00,0.0
2023-03-07 12:00:00,0.0
2023-03-07 13:00:00,0.0
2023-03-07 14:00:00,0.0
2023-03-07 15:00:00,0.0
2023-03-07 16:00:00,8.680555555549635e-06
2023-03-07 17:00:00,0.0
2023-03-07 18:00:00,0.0
2023-03-07 19:00:00,0.0
2023-03-07 20:00:00,0.0
2023-03-07 21:00:00,0.0
2023-03-07 22:00:00,0.0
2023-03-07 23:00:00,0.0
2023-03-08 00:00:00,0.0
2023-03-08 01:00:00,0.0
2023-03-08 02:00:00,0.0
2023-03-08 03:00:00,0.0
2023-03-08 04:00:00,0.0012067416666665066
2023-03-08 05:00:00,1.0680555555541025e-06
2023-03-08 06:00:00,0.0
2023-03-08 07:00:00,0.0
2023-03-08 08:00:00,0.0
2023-03-08 09:00:00,0.0
2023-03-08 10:00:00,0.0
2023-03-08 11:00:00,0.0
2023-03-08 12:00:00,0.0
2023-03-08 13:00:00,0.0
2023-03-08 14:00:00,0.0
2023-03-08 15:00:00,0.0
2023-03-08 16:00:00,0.0
2023-03-08 17:00:00,0.0
2023-03-08 18:00:00,0.0
2023-03-08 19:00:00,0.0
2023-03-08 20:00:00,0.0
2023-03-08 21:00:00,0.0
2023-03-08 22:00:00,0.0
2023-03-08 23:00:00,0.0
2023-03-09 00:00:00,0.0
2023-03-09 01:00:00,0.0
2023-03-09 02:00:00,0.0
2023-03-09 03:00:00,3.941805555553617e-05
2023-03-09 04:00:00,0.00015487152777776014
2023-03-09 05:00:00,0.0
2023-03-09 06:00:00,0.0
2023-03-09 07:00:00,0.0
2023-03-09 08:00:00,0.0
2023-03-09 09:00:00,0.0
2023-03-09 10:00:00,0.0006936555555554531
2023-03-09 11:00:00,0.0030023041666664353
2023-03-09 12:00:00,0.0
2023-03-09 13:00:00,0.0
2023-03-09 14:00:00,0.0
2023-03-09 15:00:00,0.0
2023-03-09 16:00:00,0.00011643333333330267
2023-03-09 17:00:00,0.0009461805555554229
2023-03-09 18:00:00,0.0
2023-03-09 19:00:00,0.0
2023-03-09 20:00:00,0.00019568194444442947
2023-03-09 21:00:00,0.0
2023-03-09 22:00:00,0.0
2023-03-09 23:00:00,0.0
2023-03-10 00:00:00,5.483611111109374e-05
2023-03-10 01:00:00,1.8304861111103755e-05
2023-03-10 02:00:00,0.0
2023-03-10 03:00:00,0.00025455972222218685
2023-03-10 04:00:00,7.638888888846415e-09
2023-03-10 05:00:00,6.94444444442826e-08
2023-03-10 06:00:00,8.752777777772577e-06
2023-03-10 07:00:00,0.0
2023-03-10 08:00:00,4.23611111110864e-07
2023-03-10 09:00:00,0.0
2023-03-10 10:00:00,0.0
2023-03-10 11:00:00,0.0
2023-03-10 12:00:00,0.0
2023-03-10 13:00:00,0.0
2023-03-10 14:00:00,0.0
2023-03-10 15:00:00,0.0
2023-03-10 16:00:00,0.0003952923611110738
2023-03-10 17:00:00,0.0
2023-03-10 18:00:00,6.792361111105371e-06
2023-03-10 19:00:00,0.0
2023-03-10 20:00:00,0.0
2023-03-10 21:00:00,9.595624999999034e-05
2023-03-10 22:00:00,2.1041666666585554e-07
2023-03-10 23:00:00,0.0
2023-03-11 00:00:00,0.0
2023-03-11 01:00:00,0.0014469979166665584
2023-03-11 02:00:00,0.0
2023-03-11 03:00:00,0.0
2023-03-11 04:00:00,0.0
2023-03-11 05:00:00,0.0002444444444444116
2023-03-11 06:00:00,0.0
2023-03-11 07:00:00,0.0
2023-03-11 08:00:00,0.0006813833333332357
2023-03-11 09:00:00,0.00039315555555549675
2023-03-11 10:00:00,0.0
2023-03-11 11:00:00,0.0
2023-03-11 12:00:00,0.0
2023-03-11 13:00:00,0.0
2023-03-11 14:00:00,0.0
2023-03-11 15:00:00,0.0
2023-03-11 16:00:00,0.0
2023-03-11 17:00:00,0.0
2023-03-11 18:00:00,0.0
2023-03-11 19:00:00,0.0
2023-03-11 20:00:00,0.0003600805555555296
2023-03-11 21:00:00,0.00010938749999999233
2023-03-11 22:00:00,0.0004340826388888402
2023-03-11 23:00:00,4.3271541126495195e-05
2023-03-12 00:00:00,0.0
2023-03-12 01:00:00,0.0
2023-03-12 02:00:00,0.0
2023-03-12 03:00:00,0.0010246548611109736
2023-03-12 04:00:00,0.0
2023-03-12 05:00:00,9.583333333319386e-06
2023-03-12 06:00:00,0.0
2023-03-12 07:00:00,0.0
2023-03-12 08:00:00,3.6574305555546874e-05
2023-03-12 09:00:00,0.0
2023-03-12 10:00:00,0.0
2023-03-12 11:00:00,0.0
2023-03-12 12:00:00,0.0
2023-03-12 13:00:00,0.0003719923611110682
2023-03-12 14:00:00,0.0
2023-03-12 15:00:00,8.625694444435912e-06
2023-03-12 16:00:00,0.00018878472222217773
2023-03-12 17:00:00,0.0010272222222221165
2023-03-12 18:00:00,1.4161805555546161e-05
2023-03-12 19:00:00,0.0
2023-03-12 20:00:00,0.0
2023-03-12 21:00:00,0.0
2023-03-12 22:00:00,0.0
2023-03-12 23:00:00,0.0
2023-03-13 00:00:00,0.0007927145833332489
2023-03-13 01:00:00,0.0
2023-03-13 02:00:00,1.4438194444440377e-05
2023-03-13 03:00:00,0.0
2023-03-13 04:00:00,0.0
2023-03-13 05:00:00,0.0
2023-03-13 06:00:00,1.1335416666659172e-05
2023-03-13 07:00:00,0.00030302916666661466
2023-03-13 08:00:00,0.0008959159722221658
2023-03-13 09:00:00,0.00015308611111109372
2023-03-13 10:00:00,0.0016645729166665378
2023-03-13 11:00:00,0.002176165277777657
2023-03-13 12:00:00,0.0
2023-03-13 13:00:00,0.0
2023-03-13 14:00:00,2.2037499999992702e-05
2023-03-13 15:00:00,0.0
2023-03-13 16:00:00,0.0
2023-03-13 17:00:00,0.00010645833333330629
2023-03-13 18:00:00,1.0694444444439257e-05
2023-03-13 19:00:00,4.80263888888826e-05
2023-03-13 20:00:00,0.0
2023-03-13 21:00:00,0.0
2023-03-13 22:00:00,0.0013877451388887734
2023-03-13 23:00:00,1.9223168559335013e-05
2023-03-14 00:00:00,0.0001027201388888758
2023-03-14 01:00:00,0.0064857076388884945
2023-03-14 02:00:00,0.0003434604166665868
2023-03-14 03:00:00,7.762291666665385e-05
2023-03-14 04:00:00,0.0028572659722219604
2023-03-14 05:00:00,8.768055555552983e-05
2023-03-14 06:00:00,5.16451388888697e-05
2023-03-14 07:00:00,3.955555555554774e-05
2023-03-14 08:00:00,0.022039842361110135
2023-03-14 09:00:00,0.0
2023-03-14 10:00:00,0.0
2023-03-14 11:00:00,0.0
2023-03-14 12:00:00,0.0
2023-03-14 13:00:00,0.0
2023-03-14 14:00:00,0.0
2023-03-14 15:00:00,0.0
2023-03-14 16:00:00,0.0
2023-03-14 17:00:00,2.083333333328478e-06
2023-03-14 18:00:00,0.0
2023-03-14 19:00:00,4.1453472222212875e-05
2023-03-14 20:00:00,0.0
2023-03-14 21:00:00,0.0
2023-03-14 22:00:00,0.00024838333333329496
2023-03-14 23:00:00,0.002754064107912472
2023-03-15 00:00:00,0.0
2023-03-15 01:00:00,0.0
2023-03-15 02:00:00,0.0
2023-03-15 03:00:00,0.0
2023-03-15 04:00:00,0.0
2023-03-15 05:00:00,0.0
2023-03-15 06:00:00,8.131249999991436e-06
2023-03-15 07:00:00,0.0
2023-03-15 08:00:00,0.00010052986111109607
2023-03-15 09:00:00,0.0
2023-03-15 10:00:00,0.0
2023-03-15 11:00:00,0.0
2023-03-15 12:00:00,0.0
2023-03-15 13:00:00,0.0
2023-03-15 14:00:00,0.0
2023-03-15 15:00:00,2.6168055555550277e-05
2023-03-15 16:00:00,0.00016349027777776224
2023-03-15 17:00:00,0.00048297916666658345
2023-03-15 18:00:00,0.0
2023-03-15 19:00:00,0.0
2023-03-15 20:00:00,0.0
2023-03-15 21:00:00,0.00021804861111108525
2023-03-15 22:00:00,1.9340277777743807e-06
2023-03-15 23:00:00,0.0
2023-03-16 00:00:00,0.0
2023-03-16 01:00:00,0.003215650694444212
2023-03-16 02:00:00,4.840902777776268e-05
2023-03-16 03:00:00,0.0032391395833329694
2023-03-16 04:00:00,0.0
2023-03-16 05:00:00,0.0
2023-03-16 06:00:00,1.2965277777753236e-06
2023-03-16 07:00:00,0.00029468958333325534
2023-03-16 08:00:00,0.005045038194444071
2023-03-16 09:00:00,0.0
2023-03-16 10:00:00,0.0
2023-03-16 11:00:00,0.0
2023-03-16 12:00:00,0.0
2023-03-16 13:00:00,0.0
2023-03-16 14:00:00,0.0
2023-03-16 15:00:00,0.0
2023-03-16 16:00:00,0.0008073381944443734
2023-03-16 17:00:00,4.2484027777758035e-05
2023-03-16 18:00:00,4.205486111109923e-05
2023-03-16 19:00:00,0.0
2023-03-16 20:00:00,0.00011397986111109512
2023-03-16 21:00:00,0.0
2023-03-16 22:00:00,0.0
2023-03-16 23:00:00,0.0
2023-03-17 00:00:00,0.00035548680555553554
2023-03-17 01:00:00,0.0032357666666665273
2023-03-17 02:00:00,0.0
2023-03-17 03:00:00,0.0
2023-03-17 04:00:00,0.0
2023-03-17 05:00:00,0.0
2023-03-17 06:00:00,0.0
2023-03-17 07:00:00,5.8694444444368834e-06
2023-03-17 08:00:00,0.00014333541666663871
2023-03-17 09:00:00,0.0001216597222222039
2023-03-17 10:00:00,0.0
2023-03-17 11:00:00,0.00032130902777775144
2023-03-17 12:00:00,0.0
2023-03-17 13:00:00,0.0
2023-03-17 14:00:00,0.0
2023-03-17 15:00:00,0.0
2023-03-17 16:00:00,0.0003598743055555135
2023-03-17 17:00:00,0.0
2023-03-17 18:00:00,1.4434722222216559e-05
2023-03-17 19:00:00,0.0
2023-03-17 20:00:00,0.0
2023-03-17 21:00:00,0.0
2023-03-17 22:00:00,0.0
2023-03-17 23:00:00,0.0
2023-03-18 00:00:00,0.0007810013888888341
2023-03-18 01:00:00,0.006700437499999366
2023-03-18 02:00:00,0.0
2023-03-18 03:00:00,0.0
2023-03-18 04:00:00,0.0
2023-03-18 05:00:00,0.006942618749999265
2023-03-18 06:00:00,0.0073577097222216
2023-03-18 07:00:00,0.01794555972222113
2023-03-18 08:00:00,0.01452749583333264
2023-03-18 09:00:00,0.0
2023-03-18 10:00:00,0.0
2023-03-18 11:00:00,0.0
2023-03-18 12:00:00,0.0
2023-03-18 13:00:00,0.0
2023-03-18 14:00:00,0.0
2023-03-18 15:00:00,0.0012588083333332594
2023-03-18 16:00:00,0.0033817361111108334
2023-03-18 17:00:00,0.0
2023-03-18 18:00:00,5.20833333332761e-06
2023-03-18 19:00:00,0.0
2023-03-18 20:00:00,0.0
2023-03-18 21:00:00,0.0
2023-03-18 22:00:00,0.0
2023-03-18 23:00:00,0.0
2023-03-19 00:00:00,0.0
2023-03-19 01:00:00,0.0
2023-03-19 02:00:00,0.0
2023-03-19 03:00:00,0.0
2023-03-19 04:00:00,0.0
2023-03-19 05:00:00,0.0
2023-03-19 06:00:00,0.0
2023-03-19 07:00:00,0.0
2023-03-19 08:00:00,0.0
2023-03-19 09:00:00,0.0
2023-03-19 10:00:00,0.0
2023-03-19 11:00:00,0.0
2023-03-19 12:00:00,3.344930555554231e-05
2023-03-19 13:00:00,0.0
2023-03-19 14:00:00,9.409722222218302e-06
2023-03-19 15:00:00,1.6388888888855628e-06
2023-03-19 16:00:00,1.1708333333304565e-06
2023-03-19 17:00:00,2.777777777771304e-07
2023-03-19 18:00:00,0.0
2023-03-19 19:00:00,2.32381944444324e-05
2023-03-19 20:00:00,0.0
2023-03-19 21:00:00,0.00042463472222218355
2023-03-19 22:00:00,4.470624999998988e-05
2023-03-19 23:00:00,0.00030340368402011404
2023-03-20 00:00:00,0.0
2023-03-20 01:00:00,0.0
2023-03-20 02:00:00,0.0
2023-03-20 03:00:00,0.0
2023-03-20 04:00:00,0.0020435395833330746
2023-03-20 05:00:00,0.004281837499999603
2023-03-20 06:00:00,0.0
2023-03-20 07:00:00,0.00010663055555554418
2023-03-20 08:00:00,0.000273915277777736
2023-03-20 09:00:00,0.0
2023-03-20 10:00:00,0.0
2023-03-20 11:00:00,0.0
2023-03-20 12:00:00,0.00035457916666662944
2023-03-20 13:00:00,0.0
2023-03-20 14:00:00,0.0
2023-03-20 15:00:00,3.4104166666631346e-06
2023-03-20 16:00:00,0.0
2023-03-20 17:00:00,0.0
2023-03-20 18:00:00,1.4097222222201703e-06
2023-03-20 19:00:00,0.0
2023-03-20 20:00:00,0.0
2023-03-20 21:00:00,2.373611111109083e-06
2023-03-20 22:00:00,0.0009487812499999063
2023-03-20 23:00:00,0.004870172471393496
2023-03-21 00:00:00,0.0
2023-03-21 01:00:00,0.0015371708333331096
2023-03-21 02:00:00,0.0016422222222219902
2023-03-21 03:00:00,0.0
2023-03-21 04:00:00,0.0010211965277775953
2023-03-21 05:00:00,0.0
2023-03-21 06:00:00,0.0
2023-03-21 07:00:00,0.001672515277777569
2023-03-21 08:00:00,7.11874999999572e-06
2023-03-21 09:00:00,0.00012791805555552926
2023-03-21 10:00:00,0.0
2023-03-21 11:00:00,0.0
2023-03-21 12:00:00,0.0
2023-03-21 13:00:00,0.0
2023-03-21 14:00:00,0.0
2023-03-21 15:00:00,7.305555555530635e-07
2023-03-21 16:00:00,0.00018838402777776597
2023-03-21 17:00:00,1.3611111111095179e-05
2023-03-21 18:00:00,0.0
2023-03-21 19:00:00,0.0
2023-03-21 20:00:00,0.00013396805555553065
2023-03-21 21:00:00,0.0
2023-03-21 22:00:00,0.0
2023-03-21 23:00:00,0.0
2023-03-22 00:00:00,0.0002492215277777311
2023-03-22 01:00:00,0.001783132638888731
2023-03-22 02:00:00,0.0
2023-03-22 03:00:00,0.0
2023-03-22 04:00:00,0.0
2023-03-22 05:00:00,0.0
2023-03-22 06:00:00,1.3229166666651872e-06
2023-03-22 07:00:00,6.117361111106254e-06
2023-03-22 08:00:00,0.0
2023-03-22 09:00:00,0.0
2023-03-22 10:00:00,0.0003437729166666416
2023-03-22 11:00:00,0.001443772916666608
2023-03-22 12:00:00,0.0
2023-03-22 13:00:00,0.00021704374999997986
2023-03-22 14:00:00,3.237222222221201e-05
2023-03-22 15:00:00,0.0
2023-03-22 16:00:00,0.018827268055554645
2023-03-22 17:00:00,0.0
2023-03-22 18:00:00,0.0
2023-03-22 19:00:00,0.00013333680555553803
2023-03-22 20:00:00,3.482569444443732e-05
2023-03-22 21:00:00,0.0
2023-03-22 22:00:00,0.00020713402777773412
2023-03-22 23:00:00,0.0007185954321639407
2023-03-23 00:00:00,0.000748588194444378
2023-03-23 01:00:00,0.0
2023-03-23 02:00:00,0.0
2023-03-23 03:00:00,0.0
2023-03-23 04:00:00,0.0
2023-03-23 05:00:00,0.0
2023-03-23 06:00:00,1.1415972222213158e-05
2023-03-23 07:00:00,0.00013290833333330068
2023-03-23 08:00:00,0.0006280604166665638
2023-03-23 09:00:00,0.0005573972222221471
2023-03-23 10:00:00,0.0032415451388886204
2023-03-23 11:00:00,0.00038900486111107945
2023-03-23 12:00:00,0.003605871527777586
2023-03-23 13:00:00,0.00012417361111109336
2023-03-23 14:00:00,5.687499999984524e-07
2023-03-23 15:00:00,9.216666666661667e-06
2023-03-23 16:00:00,2.459722222219401e-06
2023-03-23 17:00:00,3.4097222222208383e-05
2023-03-23 18:00:00,0.0
2023-03-23 19:00:00,0.0
2023-03-23 20:00:00,0.0
2023-03-23 21:00:00,3.3333333333058273e-08
2023-03-23 22:00:00,0.0
2023-03-23 23:00:00,3.3426474268055744e-06
2023-03-24 00:00:00,0.0
2023-03-24 01:00:00,1.099999999997831e-06
2023-03-24 02:00:00,0.0
2023-03-24 03:00:00,1.563611111110536e-05
2023-03-24 04:00:00,0.0
2023-03-24 05:00:00,1.422222222221671e-06
2023-03-24 06:00:00,0.0
2023-03-24 07:00:00,0.0004969763888888436
2023-03-24 08:00:00,4.0763888888751943e-07
2023-03-24 09:00:00,0.0
2023-03-24 10:00:00,0.0
2023-03-24 11:00:00,9.387083333331801e-05
2023-03-24 12:00:00,2.8923611111064675e-06
2023-03-24 13:00:00,0.0
2023-03-24 14:00:00,0.0
2023-03-24 15:00:00,0.0
2023-03-24 16:00:00,1.5324305555551494e-05
2023-03-24 17:00:00,0.00011006944444441736
2023-03-24 18:00:00,1.527777777769283e-08
2023-03-24 19:00:00,0.0
2023-03-24 20:00:00,0.0
2023-03-24 21:00:00,0.0
2023-03-24 22:00:00,0.0
2023-03-24 23:00:00,0.0
2023-03-25 00:00:00,0.0
2023-03-25 01:00:00,0.0
2023-03-25 02:00:00,6.930555555539896e-07
2023-03-25 03:00:00,2.962916666665717e-05
2023-03-25 04:00:00,0.0
2023-03-25 05:00:00,0.0
2023-03-25 06:00:00,0.0
2023-03-25 07:00:00,0.0
2023-03-25 08:00:00,0.00422341041666626
2023-03-25 09:00:00,0.00015542222222219337
2023-03-25 10:00:00,0.0
2023-03-25 11:00:00,0.0
2023-03-25 12:00:00,0.0
2023-03-25 13:00:00,0.0
2023-03-25 14:00:00,0.0
2023-03-25 15:00:00,0.0
2023-03-25 16:00:00,0.0
2023-03-25 17:00:00,0.00014451388888885703
2023-03-25 18:00:00,0.0003877624999999426
2023-03-25 19:00:00,0.0
2023-03-25 20:00:00,0.0
2023-03-25 21:00:00,0.0
2023-03-25 22:00:00,0.0
2023-03-25 23:00:00,0.0007430292610946019
2023-03-26 00:00:00,9.630277777775377e-05
2023-03-26 01:00:00,2.916666666654935e-07
2023-03-26 02:00:00,0.017889195833332747
2023-03-26 03:00:00,0.0
2023-03-26 04:00:00,0.0
2023-03-26 05:00:00,3.055555555551395e-06
2023-03-26 06:00:00,0.0
2023-03-26 07:00:00,0.0
2023-03-26 08:00:00,1.955694444443385e-05
2023-03-26 09:00:00,0.0
2023-03-26 10:00:00,0.0
2023-03-26 11:00:00,7.309374999998594e-05
2023-03-26 12:00:00,0.0005410958333332872
2023-03-26 13:00:00,0.0
2023-03-26 14:00:00,0.0
2023-03-26 15:00:00,0.0
2023-03-26 16:00:00,3.368055555544005e-07
2023-03-26 17:00:00,0.00019395833333324988
2023-03-26 18:00:00,4.097222222216621e-06
2023-03-26 19:00:00,0.0007030999999999072
2023-03-26 20:00:00,0.0
2023-03-26 21:00:00,0.0003547645833332977
2023-03-26 22:00:00,0.0
2023-03-26 23:00:00,
2023-03-27 00:00:00,0.0
2023-03-27 01:00:00,0.0
2023-03-27 02:00:00,0.0
2023-03-27 03:00:00,0.0
2023-03-27 04:00:00,0.0
2023-03-27 05:00:00,0.0
2023-03-27 06:00:00,0.0005694548611110578
2023-03-27 07:00:00,0.0006502472222221492
2023-03-27 08:00:00,0.014181084722221356
2023-03-27 09:00:00,0.0
2023-03-27 10:00:00,0.0
2023-03-27 11:00:00,0.002407358333333122
2023-03-27 12:00:00,0.0
2023-03-27 13:00:00,0.0009316381944443693
2023-03-27 14:00:00,0.00041565902777773527
2023-03-27 15:00:00,0.00010649166666664674
2023-03-27 16:00:00,0.0
2023-03-27 17:00:00,0.0
2023-03-27 18:00:00,8.993055555553495e-05
2023-03-27 19:00:00,0.00017588402777774922
2023-03-27 20:00:00,0.0017313055555554235
2023-03-27 21:00:00,0.0
2023-03-27 22:00:00,0.0
2023-03-27 23:00:00,1.0367381018625679e-07
2023-03-28 00:00:00,0.0
2023-03-28 01:00:00,0.0020529027777776068
2023-03-28 02:00:00,0.00038539027777771836
2023-03-28 03:00:00,1.2374999999994351e-05
2023-03-28 04:00:00,0.0
2023-03-28 05:00:00,0.0
2023-03-28 06:00:00,0.0
2023-03-28 07:00:00,0.00019550694444441785
2023-03-28 08:00:00,0.0
2023-03-28 09:00:00,0.00017584583333330795
2023-03-28 10:00:00,0.0
2023-03-28 11:00:00,7.819444444442602e-05
2023-03-28 12:00:00,0.0
2023-03-28 13:00:00,0.0
2023-03-28 14:00:00,0.0
2023-03-28 15:00:00,0.0
2023-03-28 16:00:00,4.728819444443576e-05
2023-03-28 17:00:00,0.005861398611110801
2023-03-28 18:00:00,0.00019137013888886323
2023-03-28 19:00:00,0.00954151805555495
2023-03-28 20:00:00,0.00012486388888886373
2023-03-28 21:00:00,0.0003463902777776978
2023-03-28 22:00:00,0.0001427812499999728
2023-03-28 23:00:00,0.0
2023-03-29 00:00:00,0.0
2023-03-29 01:00:00,0.0012107666666665935
2023-03-29 02:00:00,0.002301877777777478
2023-03-29 03:00:00,7.284166666665155e-05
2023-03-29 04:00:00,0.0013776909722220635
2023-03-29 05:00:00,1.8018055555545488e-05
2023-03-29 06:00:00,0.00010089791666665004
2023-03-29 07:00:00,0.0003854374999999457
2023-03-29 08:00:00,0.0
2023-03-29 09:00:00,0.0
2023-03-29 10:00:00,0.0
2023-03-29 11:00:00,0.0
2023-03-29 12:00:00,0.0002563687499999413
2023-03-29 13:00:00,0.0
2023-03-29 14:00:00,0.0
2023-03-29 15:00:00,0.0
2023-03-29 16:00:00,0.0
2023-03-29 17:00:00,0.0
2023-03-29 18:00:00,0.0
2023-03-29 19:00:00,7.30284722222141e-05
2023-03-29 20:00:00,0.0
2023-03-29 21:00:00,0.00015316041666663683
2023-03-29 22:00:00,0.00016512013888883903
2023-03-29 23:00:00,0.0
2023-03-30 00:00:00,0.00027077708333331094
2023-03-30 01:00:00,0.0
2023-03-30 02:00:00,0.0002695479166665892
2023-03-30 03:00:00,0.0
2023-03-30 04:00:00,0.0
2023-03-30 05:00:00,0.0013986173611108957
2023-03-30 06:00:00,0.00036152777777763835
2023-03-30 07:00:00,0.001252805555555408
2023-03-30 08:00:00,0.0
2023-03-30 09:00:00,0.0
2023-03-30 10:00:00,0.0
2023-03-30 11:00:00,1.048611111108914e-06
2023-03-30 12:00:00,0.0002859652777777565
2023-03-30 13:00:00,0.0005558256944444068
2023-03-30 14:00:00,0.0
2023-03-30 15:00:00,0.0
2023-03-30 16:00:00,0.0
2023-03-30 17:00:00,0.0
2023-03-30 18:00:00,0.0
2023-03-30 19:00:00,7.888888888866556e-07
2023-03-30 20:00:00,0.0
2023-03-30 21:00:00,0.0
2023-03-30 22:00:00,0.0
2023-03-30 23:00:00,6.586241442643222e-05
2023-03-31 00:00:00,0.00010219374999998217
2023-03-31 01:00:00,0.000594129861111074
2023-03-31 02:00:00,0.0
2023-03-31 03:00:00,0.0
2023-03-31 04:00:00,0.0
2023-03-31 05:00:00,0.0
2023-03-31 06:00:00,0.0
2023-03-31 07:00:00,3.021458333332314e-05
2023-03-31 08:00:00,0.002776011111110848
2023-03-31 09:00:00,0.00017465347222218845
2023-03-31 10:00:00,3.580277777776598e-05
2023-03-31 11:00:00,0.0
2023-03-31 12:00:00,0.0
2023-03-31 13:00:00,0.0
2023-03-31 14:00:00,0.000307769444444401
2023-03-31 15:00:00,0.0
2023-03-31 16:00:00,0.0
2023-03-31 17:00:00,0.0
2023-03-31 18:00:00,0.0002839701388888506
2023-03-31 19:00:00,0.0034735923611108545
2023-03-31 20:00:00,8.972916666657326e-06
2023-03-31 21:00:00,0.0015922187499998487
2023-03-31 22:00:00,6.02208333333233e-05
2023-03-31 23:00:00,0.0
